-- phpMyAdmin SQL Dump
-- version 4.9.0.1
-- https://www.phpmyadmin.net/
--
-- Host: localhost:3306
-- Generation Time: Dec 10, 2019 at 07:29 PM
-- Server version: 10.3.16-MariaDB
-- PHP Version: 7.3.6

SET SQL_MODE = "NO_AUTO_VALUE_ON_ZERO";
SET AUTOCOMMIT = 0;
START TRANSACTION;
SET time_zone = "+00:00";


/*!40101 SET @OLD_CHARACTER_SET_CLIENT=@@CHARACTER_SET_CLIENT */;
/*!40101 SET @OLD_CHARACTER_SET_RESULTS=@@CHARACTER_SET_RESULTS */;
/*!40101 SET @OLD_COLLATION_CONNECTION=@@COLLATION_CONNECTION */;
/*!40101 SET NAMES utf8mb4 */;

--
-- Database: `test`
--

-- --------------------------------------------------------

--
-- Table structure for table `migrations`
--

CREATE TABLE `migrations` (
  `id` int(10) UNSIGNED NOT NULL,
  `migration` varchar(255) COLLATE utf8mb4_unicode_ci NOT NULL,
  `batch` int(11) NOT NULL
) ENGINE=InnoDB DEFAULT CHARSET=utf8mb4 COLLATE=utf8mb4_unicode_ci;

--
-- Dumping data for table `migrations`
--

INSERT INTO `migrations` (`id`, `migration`, `batch`) VALUES
(7, '2014_10_12_000000_create_users_table', 1),
(8, '2014_10_12_100000_create_password_resets_table', 1),
(9, '2019_12_10_173327_create_products_table', 1);

-- --------------------------------------------------------

--
-- Table structure for table `password_resets`
--

CREATE TABLE `password_resets` (
  `email` varchar(255) COLLATE utf8mb4_unicode_ci NOT NULL,
  `token` varchar(255) COLLATE utf8mb4_unicode_ci NOT NULL,
  `created_at` timestamp NULL DEFAULT NULL
) ENGINE=InnoDB DEFAULT CHARSET=utf8mb4 COLLATE=utf8mb4_unicode_ci;

-- --------------------------------------------------------

--
-- Table structure for table `products`
--

CREATE TABLE `products` (
  `id` bigint(20) UNSIGNED NOT NULL,
  `name` varchar(255) COLLATE utf8mb4_unicode_ci NOT NULL,
  `detail` text COLLATE utf8mb4_unicode_ci NOT NULL,
  `price` int(11) NOT NULL,
  `stock` int(11) NOT NULL,
  `discount` int(11) NOT NULL,
  `created_at` timestamp NULL DEFAULT NULL,
  `updated_at` timestamp NULL DEFAULT NULL
) ENGINE=InnoDB DEFAULT CHARSET=utf8mb4 COLLATE=utf8mb4_unicode_ci;

--
-- Dumping data for table `products`
--

INSERT INTO `products` (`id`, `name`, `detail`, `price`, `stock`, `discount`, `created_at`, `updated_at`) VALUES
(1, 'eum', 'Sed enim voluptates et aperiam. Provident quia minus consequatur iusto. Numquam aspernatur sed aliquid quos ut nesciunt. Nulla sit labore aut consequatur.', 249, 9, 21, '2019-12-10 12:54:20', '2019-12-10 12:54:20'),
(2, 'sit', 'Dolor deserunt consequatur molestiae magnam dolor maxime. Eveniet consectetur quia quas optio. Mollitia recusandae non vero temporibus sed ratione atque. Sed ea recusandae consectetur dolorem quaerat.', 340, 9, 29, '2019-12-10 12:54:20', '2019-12-10 12:54:20'),
(3, 'sed', 'Quos eaque corrupti aspernatur deserunt quod qui debitis porro. Quia alias eligendi provident architecto et eum. Incidunt sed aliquid eum deserunt voluptatibus maiores non. Et fuga hic quia dolor.', 608, 7, 7, '2019-12-10 12:54:20', '2019-12-10 12:54:20'),
(4, 'et', 'Quis exercitationem maxime perspiciatis quaerat quo adipisci eveniet. Nobis nesciunt nesciunt accusantium qui quia maxime.', 280, 4, 30, '2019-12-10 12:54:20', '2019-12-10 12:54:20'),
(5, 'aut', 'Impedit enim aut nemo accusantium. Sunt aut molestiae accusamus. Aut excepturi occaecati sit. Molestiae et laboriosam praesentium ratione maiores voluptatem est totam.', 148, 8, 11, '2019-12-10 12:54:20', '2019-12-10 12:54:20'),
(6, 'expedita', 'Odio sint cumque sed nihil esse mollitia earum et. Eius voluptatem nostrum eum. Fugiat aut aut illum et.', 157, 6, 29, '2019-12-10 12:54:20', '2019-12-10 12:54:20'),
(7, 'aut', 'Cupiditate consequuntur iste deleniti repellendus. Porro nisi facere ut quia voluptatem alias nam impedit. Aut numquam animi expedita laudantium in tenetur quasi.', 571, 4, 30, '2019-12-10 12:54:20', '2019-12-10 12:54:20'),
(8, 'laborum', 'Nam autem voluptatem officiis rerum officiis officia quo itaque. Sed asperiores ullam aut alias repudiandae voluptatibus. Vel sunt et omnis soluta blanditiis eos. Praesentium sapiente quidem sint qui iure ad et harum. Repudiandae vitae possimus tenetur rerum doloribus.', 815, 7, 5, '2019-12-10 12:54:20', '2019-12-10 12:54:20'),
(9, 'nisi', 'Nihil sit qui voluptatem. Modi numquam quae ut earum nihil aut autem. Est est hic aspernatur labore et qui. Eaque corporis est sint alias ducimus vitae.', 889, 4, 13, '2019-12-10 12:54:20', '2019-12-10 12:54:20'),
(10, 'quia', 'Placeat aut voluptas molestiae et harum. Ea fugit ratione voluptatibus est dicta omnis.', 973, 0, 28, '2019-12-10 12:54:20', '2019-12-10 12:54:20'),
(11, 'suscipit', 'Incidunt nulla aut aperiam perferendis. Provident ut sint et rerum ut perspiciatis. Maxime voluptas facilis saepe nesciunt. Fugiat suscipit est occaecati et autem.', 667, 4, 17, '2019-12-10 12:54:20', '2019-12-10 12:54:20'),
(12, 'quia', 'Eveniet qui autem itaque fuga. Eveniet nostrum laborum ex repellat nobis. Minus esse doloremque consequatur et consequuntur eaque atque.', 783, 4, 7, '2019-12-10 12:54:20', '2019-12-10 12:54:20'),
(13, 'quisquam', 'Doloremque aut culpa explicabo numquam voluptatem molestias. Et aliquam voluptates et saepe non. Itaque itaque maiores eaque doloremque minima. Ducimus et perspiciatis veniam ducimus qui soluta sequi.', 236, 7, 21, '2019-12-10 12:54:20', '2019-12-10 12:54:20'),
(14, 'aut', 'Accusantium vitae voluptatum quis aspernatur earum ipsum ea dolorem. Ducimus mollitia neque recusandae velit nihil voluptates. Sapiente doloremque aut provident.', 594, 2, 6, '2019-12-10 12:54:20', '2019-12-10 12:54:20'),
(15, 'nesciunt', 'Aut rerum nobis corrupti rerum voluptas. Quibusdam voluptas dolorum ratione et similique illum.', 812, 9, 13, '2019-12-10 12:54:20', '2019-12-10 12:54:20'),
(16, 'quo', 'Doloremque nobis ut quod cumque laudantium consequatur ipsum. Ratione doloribus soluta aut animi atque. Sunt qui quisquam animi. Quibusdam voluptatem dolorem fugiat est iste vel quae.', 808, 0, 15, '2019-12-10 12:54:20', '2019-12-10 12:54:20'),
(17, 'et', 'Explicabo incidunt dolor quia ut alias. Non et inventore a ut eligendi. Asperiores qui sunt tempora dolor. Consequatur ipsam ut exercitationem quaerat explicabo dolores eum.', 542, 1, 5, '2019-12-10 12:54:20', '2019-12-10 12:54:20'),
(18, 'ut', 'Et porro sit aut. Nisi alias qui molestias beatae error ex at.', 521, 6, 5, '2019-12-10 12:54:20', '2019-12-10 12:54:20'),
(19, 'est', 'Doloribus voluptatem cum officiis non consectetur omnis. Non qui enim repellendus dolores quidem. Velit qui et eum sed. Ut eos amet debitis quo ex velit aut impedit.', 127, 0, 12, '2019-12-10 12:54:21', '2019-12-10 12:54:21'),
(20, 'laboriosam', 'Dolores nisi optio qui ut. Mollitia omnis et vero expedita laborum consequatur sit. Mollitia et ut excepturi non excepturi. Sed quisquam sed magni quidem. Excepturi totam molestiae consectetur sapiente magnam placeat iste placeat.', 698, 6, 17, '2019-12-10 12:54:21', '2019-12-10 12:54:21'),
(21, 'repellendus', 'Nulla labore dolor atque quae rerum nemo. Enim quo ipsam numquam voluptas non neque. Qui eligendi qui magnam officia ut quasi. Mollitia in deleniti dolor ipsa sint voluptatem. Esse sit facilis optio beatae consectetur non.', 690, 4, 17, '2019-12-10 12:54:21', '2019-12-10 12:54:21'),
(22, 'maxime', 'Quo soluta mollitia quia necessitatibus est ad qui. Quia qui fuga voluptatem alias. Et placeat vel maxime officia amet. Molestiae delectus quidem eum porro et accusamus voluptas.', 852, 4, 28, '2019-12-10 12:54:21', '2019-12-10 12:54:21'),
(23, 'modi', 'Nisi rerum in dicta quo. Eveniet omnis est aut. Porro cum aspernatur dolor ad rerum et totam. Et reiciendis ut natus ea quo ea autem.', 903, 6, 16, '2019-12-10 12:54:21', '2019-12-10 12:54:21'),
(24, 'eum', 'Nulla velit at esse. Quisquam natus doloremque et autem. Natus quis quo adipisci. Aspernatur voluptatem ratione aliquid omnis dolores iusto quidem labore.', 918, 1, 22, '2019-12-10 12:54:21', '2019-12-10 12:54:21'),
(25, 'culpa', 'Ut expedita facilis quo quia aut. Ut omnis unde dolorem labore. Fugit animi reiciendis ipsam rem fugit magnam tenetur.', 391, 8, 29, '2019-12-10 12:54:21', '2019-12-10 12:54:21'),
(26, 'debitis', 'Doloremque eos minus voluptatum et totam. Et quo perspiciatis dolore officiis. Atque adipisci nulla et at ipsum. Saepe aut ea rerum sunt numquam libero tempora.', 900, 9, 27, '2019-12-10 12:54:21', '2019-12-10 12:54:21'),
(27, 'excepturi', 'Delectus sed facilis qui impedit sed. Quae quia sint similique pariatur. Dignissimos explicabo quia eius quasi sed eum. Temporibus doloribus possimus itaque voluptatum at rerum.', 149, 7, 17, '2019-12-10 12:54:21', '2019-12-10 12:54:21'),
(28, 'accusantium', 'Magni odit fuga voluptas quis itaque et totam. Necessitatibus veniam quam rerum quas ipsa ut cumque. Ea nihil nostrum aspernatur magnam fugiat. Impedit tempora suscipit commodi ut sit.', 254, 5, 15, '2019-12-10 12:54:21', '2019-12-10 12:54:21'),
(29, 'aliquam', 'Laudantium aliquam saepe sit perspiciatis et qui. Non voluptatem rerum iusto quo assumenda. Repellendus deleniti quo accusamus et iusto quo voluptas eum. Neque aut ex quis nesciunt qui optio assumenda ipsa.', 775, 2, 5, '2019-12-10 12:54:21', '2019-12-10 12:54:21'),
(30, 'ducimus', 'Et labore sint labore nesciunt. Neque nesciunt voluptatum repellendus sed suscipit quod illum. Eligendi delectus id et optio est dolorum qui.', 958, 3, 4, '2019-12-10 12:54:21', '2019-12-10 12:54:21'),
(31, 'dignissimos', 'Molestiae consequatur alias architecto aliquid voluptatem molestiae. Minus omnis iure veniam qui perspiciatis. Ea sed quia aut modi. Voluptatem laboriosam consequatur ipsam corporis nobis earum ut.', 139, 8, 5, '2019-12-10 12:54:21', '2019-12-10 12:54:21'),
(32, 'alias', 'Delectus soluta omnis dolores sint. Quidem temporibus ex neque aut et rem est quis. Officia expedita dignissimos soluta eligendi enim et fuga dolores. Pariatur et sequi sed.', 448, 2, 19, '2019-12-10 12:54:21', '2019-12-10 12:54:21'),
(33, 'qui', 'Animi optio vel dolore quibusdam possimus ut. Maxime beatae hic voluptas iure doloribus. Nobis voluptate sunt quia. Sed omnis mollitia est distinctio possimus.', 923, 9, 19, '2019-12-10 12:54:21', '2019-12-10 12:54:21'),
(34, 'quidem', 'Nesciunt veritatis impedit minima. Et molestias et et totam neque est. Facere atque qui laborum maiores deserunt minima aspernatur eum.', 485, 3, 17, '2019-12-10 12:54:21', '2019-12-10 12:54:21'),
(35, 'fugit', 'Id minima veritatis quis asperiores autem. Illo consequatur blanditiis odio facere aut omnis. Quis velit nulla expedita deserunt maxime eligendi sunt.', 139, 6, 2, '2019-12-10 12:54:21', '2019-12-10 12:54:21'),
(36, 'sunt', 'Voluptatibus vitae assumenda temporibus. Reprehenderit at voluptatem a ut. Voluptatem dolores est rerum tempore dolor tempora et. Cumque cupiditate omnis porro autem nisi tenetur eveniet.', 939, 5, 8, '2019-12-10 12:54:21', '2019-12-10 12:54:21'),
(37, 'eos', 'Facere nihil perferendis est repellat pariatur culpa. Ea dolore rerum quisquam corrupti. Voluptate consectetur rerum recusandae quaerat autem.', 723, 4, 14, '2019-12-10 12:54:21', '2019-12-10 12:54:21'),
(38, 'iste', 'Laudantium minus eligendi ut neque. Non doloremque praesentium rerum et sit possimus iste aspernatur. Reiciendis voluptas qui est et unde autem accusantium eum.', 861, 3, 25, '2019-12-10 12:54:21', '2019-12-10 12:54:21'),
(39, 'veniam', 'Eveniet eum quis tenetur cupiditate cumque totam. Et non dicta expedita inventore. Molestiae voluptas quia est nam distinctio soluta nam. Voluptatem quas dolores quae quaerat nesciunt molestias. Facilis quam labore autem in unde possimus.', 472, 9, 28, '2019-12-10 12:54:21', '2019-12-10 12:54:21'),
(40, 'aut', 'Consectetur enim et molestiae et minima quasi. Dolores quasi consequatur aut consequatur perferendis voluptatibus culpa dignissimos. Totam illum blanditiis voluptates iste quae numquam. Voluptatem nihil ullam voluptatem recusandae.', 468, 7, 8, '2019-12-10 12:54:21', '2019-12-10 12:54:21'),
(41, 'facilis', 'Est fugiat qui vero provident possimus. Eius cum ab ab soluta itaque dolor. Magni non quo cupiditate iste quae explicabo maiores. Error magnam rem ut maiores.', 774, 1, 23, '2019-12-10 12:54:21', '2019-12-10 12:54:21'),
(42, 'laboriosam', 'Ab explicabo et accusamus a. Maxime quis quisquam optio facilis suscipit rerum non. Fuga ad a autem iusto recusandae alias.', 254, 5, 25, '2019-12-10 12:54:21', '2019-12-10 12:54:21'),
(43, 'enim', 'Nemo laudantium et voluptatem voluptates. Tenetur et minus aliquid. Qui libero dolorum sit culpa illo. Suscipit ut id voluptatem iste. Voluptas sunt qui eum quisquam dolorem.', 977, 6, 23, '2019-12-10 12:54:21', '2019-12-10 12:54:21'),
(44, 'nisi', 'Et dignissimos culpa alias qui perferendis. Sint itaque praesentium consequuntur deleniti reiciendis enim tempora. Cupiditate occaecati velit nobis quos numquam.', 799, 4, 29, '2019-12-10 12:54:21', '2019-12-10 12:54:21'),
(45, 'fugit', 'Voluptatem quia vel ut rerum modi autem iusto. Qui atque dolorem non est itaque explicabo. Fugit sequi laudantium sit quibusdam sit.', 608, 2, 6, '2019-12-10 12:54:21', '2019-12-10 12:54:21'),
(46, 'harum', 'Voluptatem dolores minima aspernatur sit enim ullam aut. Occaecati dolor et sunt ratione. Dolor expedita consequatur ut rerum omnis sed. Esse neque quia sunt sit saepe nemo debitis.', 988, 9, 24, '2019-12-10 12:54:21', '2019-12-10 12:54:21'),
(47, 'amet', 'Suscipit distinctio alias eius aperiam consequatur dignissimos molestiae. Quas eum rem illo repellendus et voluptatem modi vel. Ut repellendus nam amet placeat est non quaerat.', 932, 8, 22, '2019-12-10 12:54:22', '2019-12-10 12:54:22'),
(48, 'rerum', 'Itaque optio omnis soluta aspernatur iure neque. Fuga in vitae saepe ut pariatur explicabo corporis. Maiores suscipit rerum repellendus voluptatem qui. Dolore non deleniti rem culpa voluptates. Voluptatem est nihil dolorem esse.', 644, 7, 4, '2019-12-10 12:54:22', '2019-12-10 12:54:22'),
(49, 'non', 'Perspiciatis sit vel aliquam qui aliquam repellendus id. Amet dolor eos rerum. Sed porro magnam quis.', 768, 2, 28, '2019-12-10 12:54:22', '2019-12-10 12:54:22'),
(50, 'repellendus', 'Laborum non tempore itaque distinctio. Debitis sint sint exercitationem numquam vero ex aspernatur. Nihil nobis dolorem tempora error quae doloribus architecto. Inventore fuga reiciendis aperiam.', 582, 3, 26, '2019-12-10 12:54:22', '2019-12-10 12:54:22'),
(51, 'vero', 'Quaerat sit quidem dignissimos sapiente rerum expedita aut. Veritatis molestiae odit sit aspernatur ab. Maxime animi numquam ratione quo quaerat.', 501, 1, 24, '2019-12-10 12:56:14', '2019-12-10 12:56:14'),
(52, 'aut', 'Ducimus voluptas ad enim ad quam placeat nulla. Explicabo exercitationem deleniti at aut. Nisi nostrum dicta itaque quis reprehenderit rerum natus.', 939, 1, 26, '2019-12-10 12:56:14', '2019-12-10 12:56:14'),
(53, 'voluptas', 'Aut inventore laboriosam quaerat dolorum facilis. Minima mollitia ut hic repellendus optio. Nam qui quam consequatur assumenda quis.', 497, 9, 26, '2019-12-10 12:56:14', '2019-12-10 12:56:14'),
(54, 'earum', 'Rerum iusto ipsam quia. Expedita ea consequatur commodi quas sunt expedita in. Laboriosam quam quidem et sunt.', 910, 7, 18, '2019-12-10 12:56:14', '2019-12-10 12:56:14'),
(55, 'consequatur', 'Eum rerum quia accusantium non similique eum omnis. Expedita inventore quasi ut omnis libero. Ex dolor veniam hic reiciendis et minima et totam. Praesentium suscipit quisquam praesentium ut. Dolorem illum debitis consequatur inventore consequatur magni.', 653, 4, 12, '2019-12-10 12:56:14', '2019-12-10 12:56:14'),
(56, 'aut', 'Ut officiis iste quia aut magni modi. Eos expedita dolorum omnis omnis labore esse tempore. Excepturi sint et impedit sed corporis. Iusto eum doloremque veritatis corporis laudantium atque sit vitae.', 508, 4, 16, '2019-12-10 12:56:14', '2019-12-10 12:56:14'),
(57, 'iure', 'Est veritatis animi rerum recusandae neque rerum beatae. Et quia eos est veritatis a vel sit. Accusantium aperiam totam non sed maxime illum laudantium. Provident aut laborum vel aperiam consequatur neque rerum.', 276, 0, 25, '2019-12-10 12:56:15', '2019-12-10 12:56:15'),
(58, 'est', 'Corrupti ab omnis error veritatis consequatur ea et. Consequuntur quia enim tenetur autem quia dolorem. Dicta consequatur consequatur non incidunt asperiores.', 653, 9, 15, '2019-12-10 12:56:15', '2019-12-10 12:56:15'),
(59, 'ex', 'Dolore quia itaque nesciunt. Non maxime mollitia qui facere et assumenda repellendus. Voluptates suscipit doloremque voluptatem praesentium labore omnis sit. Natus est maxime omnis qui illum voluptate distinctio adipisci.', 659, 2, 8, '2019-12-10 12:56:15', '2019-12-10 12:56:15'),
(60, 'quia', 'Velit iusto ut qui molestias voluptas possimus ab. Architecto ut sequi laudantium facere facilis corporis. Velit minus aut iure dolores corporis odio aut.', 608, 5, 17, '2019-12-10 12:56:15', '2019-12-10 12:56:15'),
(61, 'eos', 'Quos quia praesentium vel cupiditate. Sint voluptate consectetur rerum id. Et aut magni doloremque occaecati sed est quae laborum. Voluptas molestiae nesciunt iste et est tenetur reprehenderit. Vel asperiores voluptatem mollitia qui quidem.', 377, 5, 3, '2019-12-10 12:56:15', '2019-12-10 12:56:15'),
(62, 'et', 'Mollitia non aut voluptatem esse. Eveniet rerum et voluptatem impedit unde accusantium consectetur. Error ipsum aut hic.', 170, 0, 19, '2019-12-10 12:56:15', '2019-12-10 12:56:15'),
(63, 'autem', 'Explicabo et ab qui veniam modi id unde adipisci. Quam omnis aliquam iure sit consequatur perferendis. Delectus rerum et quam deserunt maxime aliquid. Vel minus quia laborum fugit.', 400, 0, 5, '2019-12-10 12:56:15', '2019-12-10 12:56:15'),
(64, 'consequatur', 'Omnis tempore quia possimus illum vero doloribus eaque nulla. Doloribus consequatur ducimus commodi voluptatem ut sapiente quaerat. Fuga omnis id eius vel expedita earum consectetur eveniet. Porro ipsum voluptatem recusandae alias.', 429, 5, 20, '2019-12-10 12:56:15', '2019-12-10 12:56:15'),
(65, 'velit', 'Nisi et ut quis modi non aperiam non. Aut eligendi perferendis quia dolor modi aut aspernatur.', 265, 7, 2, '2019-12-10 12:56:15', '2019-12-10 12:56:15'),
(66, 'quaerat', 'Ea autem illo officiis excepturi aspernatur officiis. Ab nam et possimus sequi distinctio sunt. Laudantium consequatur a sunt at vitae. Autem repellendus quibusdam molestias aperiam.', 561, 4, 19, '2019-12-10 12:56:15', '2019-12-10 12:56:15'),
(67, 'molestias', 'Dicta fugit officiis inventore fugit repellat. Dolorem qui magni similique rerum vitae. Aut culpa voluptatem perspiciatis soluta distinctio delectus similique.', 507, 3, 3, '2019-12-10 12:56:15', '2019-12-10 12:56:15'),
(68, 'magnam', 'Odio nihil consequuntur qui aliquam vero accusantium consequatur aliquam. Qui quae dolorum pariatur non. Et vero quis consequatur et laudantium quaerat. Quia ut commodi repellat neque.', 868, 0, 8, '2019-12-10 12:56:15', '2019-12-10 12:56:15'),
(69, 'omnis', 'Id eum repellendus officiis. Non enim numquam rem eum voluptas sit aut autem. Pariatur natus et placeat harum ut consequatur et. Saepe ducimus blanditiis suscipit laboriosam debitis consectetur.', 968, 3, 8, '2019-12-10 12:56:15', '2019-12-10 12:56:15'),
(70, 'et', 'Nostrum dolorum sequi exercitationem nam suscipit praesentium adipisci. Delectus consequatur quis ullam tenetur deleniti vel consequatur rerum.', 415, 0, 25, '2019-12-10 12:56:15', '2019-12-10 12:56:15'),
(71, 'alias', 'Saepe ea qui velit sit. Sequi quas aliquid eius alias. Tempore dolor quam sit.', 878, 2, 16, '2019-12-10 12:56:15', '2019-12-10 12:56:15'),
(72, 'aut', 'Sapiente rerum repudiandae repellat distinctio reiciendis maxime corrupti. Aliquam rem ea maxime qui. Atque omnis ipsa non tempore temporibus omnis nam.', 928, 7, 2, '2019-12-10 12:56:15', '2019-12-10 12:56:15'),
(73, 'ducimus', 'Error architecto quia ea veritatis delectus repudiandae. Est reprehenderit velit quos tempore maiores officia magnam.', 672, 6, 19, '2019-12-10 12:56:15', '2019-12-10 12:56:15'),
(74, 'reprehenderit', 'Inventore repellat quasi maxime necessitatibus quod suscipit. Et molestiae aperiam omnis quod magni exercitationem.', 355, 0, 13, '2019-12-10 12:56:15', '2019-12-10 12:56:15'),
(75, 'aut', 'Voluptates delectus enim sequi doloremque et animi. Dolorem tenetur ea excepturi ut. Numquam delectus sequi quam aspernatur voluptatum aut.', 297, 3, 3, '2019-12-10 12:56:15', '2019-12-10 12:56:15'),
(76, 'voluptatem', 'Blanditiis dolores blanditiis aspernatur qui ut ab qui. Qui odit velit omnis porro labore. Numquam dolorem maxime illo eveniet similique. Perspiciatis nemo eveniet sequi et ipsam consequatur.', 912, 2, 11, '2019-12-10 12:56:15', '2019-12-10 12:56:15'),
(77, 'nam', 'Explicabo est quo amet officia in totam. Quidem debitis similique expedita non laudantium. Sit itaque qui consequatur ipsum nam ullam dolores perferendis.', 870, 6, 23, '2019-12-10 12:56:15', '2019-12-10 12:56:15'),
(78, 'sed', 'Libero vel dolorem nostrum velit voluptatem iure nobis. Rem est aut aut delectus tempore et consectetur. Dicta quia qui molestias magnam. Quidem neque cumque ab exercitationem nostrum molestiae.', 918, 9, 4, '2019-12-10 12:56:15', '2019-12-10 12:56:15'),
(79, 'quidem', 'Enim eum voluptas sit in. Ad rerum repudiandae quis. Odio rerum dolorem modi alias quam autem. Tenetur totam velit quidem modi facilis praesentium.', 991, 7, 13, '2019-12-10 12:56:15', '2019-12-10 12:56:15'),
(80, 'adipisci', 'Aliquid quae vel et non voluptatum. Consequatur voluptates quia a vitae natus. Omnis doloremque ipsa nam dolor.', 361, 2, 6, '2019-12-10 12:56:15', '2019-12-10 12:56:15'),
(81, 'nostrum', 'Nostrum illum quo assumenda reprehenderit placeat consequatur. Rem libero doloremque magni quod ullam sed maxime. Est vitae nihil placeat consequatur minima exercitationem vel qui. Voluptatem voluptatibus dolore aut. Velit maiores odio est fugit.', 447, 9, 29, '2019-12-10 12:56:15', '2019-12-10 12:56:15'),
(82, 'itaque', 'Reprehenderit illum perferendis beatae et et. Ex harum rerum eos eligendi possimus corporis enim. Possimus voluptatem reprehenderit sint nobis et tenetur. Veritatis voluptates ex iste quisquam ullam totam.', 396, 0, 16, '2019-12-10 12:56:15', '2019-12-10 12:56:15'),
(83, 'dolorem', 'Aut voluptatem facilis quod in. Sit saepe aspernatur eligendi animi. Non aut ullam vel est. Est ut voluptatem quaerat asperiores a.', 548, 4, 7, '2019-12-10 12:56:16', '2019-12-10 12:56:16'),
(84, 'aut', 'Consequatur eos eius debitis odio sunt. Perspiciatis sunt aut optio aspernatur quia. Fugit accusamus optio quam id.', 628, 4, 15, '2019-12-10 12:56:16', '2019-12-10 12:56:16'),
(85, 'ut', 'Repellat quos et qui. Repellendus dolores ad ipsa reprehenderit blanditiis illum quo. Quo quidem iusto omnis corporis. Alias alias labore iste.', 802, 7, 24, '2019-12-10 12:56:16', '2019-12-10 12:56:16'),
(86, 'est', 'Similique excepturi velit porro. Ut et aut ut ipsum aut dolorum eum. Vitae expedita beatae fugiat dolorem dignissimos sequi nam. Veritatis accusamus et aut ut.', 826, 0, 24, '2019-12-10 12:56:16', '2019-12-10 12:56:16'),
(87, 'cupiditate', 'Soluta eligendi voluptatem possimus voluptate ut voluptatem. Voluptatum vitae totam ex qui doloribus dolores quis. Numquam eaque tenetur voluptatem mollitia quod et qui. Minima in eius maiores.', 979, 4, 24, '2019-12-10 12:56:16', '2019-12-10 12:56:16'),
(88, 'ut', 'Excepturi dicta voluptates quibusdam consequuntur labore. Velit ea quis quo quibusdam earum. Consequatur voluptatem similique non dolor omnis nisi.', 170, 8, 16, '2019-12-10 12:56:16', '2019-12-10 12:56:16'),
(89, 'aut', 'Architecto mollitia vel sit aut quia quam sint. Labore magni at ipsam provident laborum. Velit consectetur exercitationem dolor velit amet consequuntur et.', 329, 9, 26, '2019-12-10 12:56:16', '2019-12-10 12:56:16'),
(90, 'accusamus', 'Rerum sit quaerat asperiores. Architecto ut unde numquam dolorum veniam. Id in quia maxime id aut magnam iure. Quas molestias ut et quo. Possimus qui dolore et similique non illum ad quos.', 134, 6, 18, '2019-12-10 12:56:16', '2019-12-10 12:56:16'),
(91, 'rerum', 'Non sit tempore odit enim quasi assumenda rem quia. Sit aliquid veniam iste nobis eos alias. Incidunt quam consequuntur dolores quam architecto in corrupti quo.', 845, 4, 14, '2019-12-10 12:56:16', '2019-12-10 12:56:16'),
(92, 'sit', 'Ad cum exercitationem quam quis ut iusto. Blanditiis voluptas est sed velit quia quas.', 985, 6, 19, '2019-12-10 12:56:16', '2019-12-10 12:56:16'),
(93, 'facilis', 'Voluptas harum repudiandae sed eligendi. Labore et qui odit quidem consequatur cupiditate. Neque qui et impedit similique rerum nihil qui.', 325, 8, 19, '2019-12-10 12:56:16', '2019-12-10 12:56:16'),
(94, 'quas', 'Enim consequatur blanditiis itaque similique vero veniam nostrum eos. Expedita vero excepturi dolores doloribus vel consequatur dolorem id. Ea non aut quo consequuntur.', 117, 4, 11, '2019-12-10 12:56:16', '2019-12-10 12:56:16'),
(95, 'assumenda', 'Nam placeat et est doloremque vel corrupti sunt. Et architecto aut odit eos assumenda ut neque.', 426, 2, 7, '2019-12-10 12:56:16', '2019-12-10 12:56:16'),
(96, 'aperiam', 'Debitis tempore nulla molestiae asperiores aliquam soluta qui. Ea neque possimus aperiam dignissimos omnis. Rerum et omnis dolores voluptatem fugit. Sint velit omnis quia voluptatem eum maxime.', 677, 7, 9, '2019-12-10 12:56:16', '2019-12-10 12:56:16'),
(97, 'voluptas', 'Aut expedita quasi atque saepe. Explicabo vero quis eius vel suscipit ex.', 674, 1, 16, '2019-12-10 12:56:16', '2019-12-10 12:56:16'),
(98, 'dolor', 'Sit possimus minima consequuntur ullam quo. Vitae aliquam adipisci et dolorem ea cumque ipsum. Nobis aut commodi et dignissimos velit optio vero hic.', 756, 3, 12, '2019-12-10 12:56:16', '2019-12-10 12:56:16'),
(99, 'possimus', 'Vel atque aut ipsum at quisquam. Fugiat et omnis deleniti sunt.', 351, 0, 15, '2019-12-10 12:56:16', '2019-12-10 12:56:16'),
(100, 'quos', 'Illo veritatis amet porro doloribus. Sed eaque eos rem. Odit sapiente ratione libero nulla dignissimos commodi repellendus eius. Omnis non itaque qui placeat.', 948, 5, 29, '2019-12-10 12:56:16', '2019-12-10 12:56:16');

-- --------------------------------------------------------

--
-- Table structure for table `reviews`
--

CREATE TABLE `reviews` (
  `id` bigint(20) UNSIGNED NOT NULL,
  `product_id` int(10) UNSIGNED NOT NULL,
  `customer` varchar(255) COLLATE utf8mb4_unicode_ci NOT NULL,
  `review` text COLLATE utf8mb4_unicode_ci NOT NULL,
  `star` int(11) NOT NULL,
  `created_at` timestamp NULL DEFAULT NULL,
  `updated_at` timestamp NULL DEFAULT NULL
) ENGINE=InnoDB DEFAULT CHARSET=utf8mb4 COLLATE=utf8mb4_unicode_ci;

--
-- Dumping data for table `reviews`
--

INSERT INTO `reviews` (`id`, `product_id`, `customer`, `review`, `star`, `created_at`, `updated_at`) VALUES
(1, 89, 'Fanny Denesik', 'Veritatis tenetur dicta quisquam et. Iure est amet perspiciatis et eaque numquam. Molestiae eum aut blanditiis. Minima non ipsum iure beatae ut quo aliquam voluptas.', 2, '2019-12-10 12:56:17', '2019-12-10 12:56:17'),
(2, 7, 'Lisandro Larkin', 'Similique voluptas magnam consequatur vel cumque sequi. Distinctio consequatur et nisi magnam quas atque sit. Voluptates rerum ullam neque qui accusamus eligendi est. Voluptatibus minus omnis qui voluptatem.', 5, '2019-12-10 12:56:17', '2019-12-10 12:56:17'),
(3, 26, 'Idell Cruickshank', 'Dignissimos fuga quaerat dolores qui quisquam eum itaque. Reprehenderit aperiam consequatur facere maiores. Praesentium sed dolorum doloremque in a velit quo. Sint et ipsam nihil temporibus harum.', 1, '2019-12-10 12:56:17', '2019-12-10 12:56:17'),
(4, 20, 'Fern Hermann', 'Id incidunt iure rerum est. Ullam est et voluptas hic temporibus rem quidem. Laborum voluptatem assumenda delectus.', 5, '2019-12-10 12:56:17', '2019-12-10 12:56:17'),
(5, 95, 'Gabrielle Christiansen', 'Vero tempora quia in aspernatur neque harum natus. Ea cum vel ipsa reprehenderit. Quia est sunt est incidunt assumenda perferendis. Assumenda perspiciatis voluptatem voluptatum qui possimus sequi quis est.', 1, '2019-12-10 12:56:17', '2019-12-10 12:56:17'),
(6, 1, 'Alison Crooks', 'Odit quisquam qui ab eligendi ipsum consequatur laudantium. Asperiores asperiores neque nulla exercitationem temporibus laudantium. Maiores eum voluptate est quia quaerat.', 3, '2019-12-10 12:56:17', '2019-12-10 12:56:17'),
(7, 85, 'Olen Deckow', 'Id quidem molestias ut molestias ducimus. Porro doloremque eum ut reprehenderit perspiciatis autem deleniti explicabo. Autem iusto optio quia. Rerum quisquam quis eos eligendi voluptates.', 3, '2019-12-10 12:56:17', '2019-12-10 12:56:17'),
(8, 56, 'Kaylee Parisian', 'Dolorem corporis voluptatem odit saepe voluptas. Quidem quia esse voluptatem sunt. Expedita molestiae error animi quo eaque.', 0, '2019-12-10 12:56:17', '2019-12-10 12:56:17'),
(9, 25, 'Mr. Judge Walsh IV', 'Explicabo deleniti eaque dolorem temporibus nemo hic sit. Quasi iste harum voluptas aut error ut. Nostrum veniam nam repellendus molestiae. Iusto ab enim et fugiat nostrum in rerum. Enim ipsum est aperiam explicabo repellat doloremque qui.', 2, '2019-12-10 12:56:17', '2019-12-10 12:56:17'),
(10, 38, 'Brandy Nolan', 'Itaque debitis aut reprehenderit quia sapiente nam numquam. Non exercitationem architecto qui omnis qui aspernatur sit amet. Sit quidem excepturi architecto quia iusto.', 5, '2019-12-10 12:56:17', '2019-12-10 12:56:17'),
(11, 91, 'Prof. Vernon Berge DVM', 'Enim quia beatae eaque ea in dolores totam. Numquam quasi consequatur id pariatur quisquam dolor. Ea debitis molestias molestiae minima.', 4, '2019-12-10 12:56:17', '2019-12-10 12:56:17'),
(12, 46, 'Tony Wiza', 'At quis ex saepe ipsum. Illum illum quidem minus ut vel eos sapiente sint. Mollitia necessitatibus aut quam. Maxime et et enim maiores omnis dolorum consequatur.', 4, '2019-12-10 12:56:17', '2019-12-10 12:56:17'),
(13, 38, 'Jeffry Swift', 'Qui distinctio sunt velit consequatur itaque modi fugit recusandae. Velit et voluptatem voluptatum in voluptas facilis doloremque. Libero magni deleniti sed vel enim.', 0, '2019-12-10 12:56:17', '2019-12-10 12:56:17'),
(14, 52, 'Flossie Hirthe', 'Qui est sunt dolorem. Expedita molestiae consequatur dolores voluptatem id et. Eius nisi et et a error vel officiis.', 3, '2019-12-10 12:56:17', '2019-12-10 12:56:17'),
(15, 91, 'Rubye Schowalter', 'Repellendus et commodi quis iure officiis. Non velit vero sint ut veritatis amet. Est explicabo aut quis quia.', 1, '2019-12-10 12:56:17', '2019-12-10 12:56:17'),
(16, 36, 'Dallin Kuhlman', 'Corrupti magnam esse blanditiis quia veritatis ut. Sed aliquid facere optio. Ut quo dolorum dolores nobis. Distinctio quisquam optio voluptatem delectus officiis.', 3, '2019-12-10 12:56:17', '2019-12-10 12:56:17'),
(17, 43, 'Shanon Williamson', 'Fuga nisi cumque itaque ipsa autem adipisci. Placeat quo nam quos.', 0, '2019-12-10 12:56:17', '2019-12-10 12:56:17'),
(18, 76, 'Charlie Tromp II', 'Sapiente placeat et quia magni eius expedita a. Quas modi repellendus repudiandae inventore. Temporibus aliquid autem aut molestias at non dolorum.', 2, '2019-12-10 12:56:17', '2019-12-10 12:56:17'),
(19, 70, 'Aurelio Thiel', 'Sunt ipsum rerum voluptas impedit beatae molestiae. Repellendus ipsum est quas veniam dicta exercitationem. Voluptas distinctio vel sit esse. Et cumque temporibus temporibus nulla consequatur.', 4, '2019-12-10 12:56:17', '2019-12-10 12:56:17'),
(20, 73, 'Rudolph Witting', 'Nesciunt nam quasi optio incidunt eos commodi et. Dolorem et libero explicabo excepturi rerum corrupti. Maiores consequatur debitis officiis aliquid voluptate reiciendis. Illo laudantium sit mollitia eius doloremque et.', 3, '2019-12-10 12:56:17', '2019-12-10 12:56:17'),
(21, 51, 'Jesse Powlowski', 'Illo blanditiis possimus aut et quia. Distinctio necessitatibus sint labore ipsum alias ut veritatis. Eius culpa est aut quis esse. Corrupti eum et quaerat ipsa veritatis.', 0, '2019-12-10 12:56:17', '2019-12-10 12:56:17'),
(22, 58, 'Ms. Charity Russel DVM', 'Quaerat repellendus aliquam ut blanditiis quia inventore quas. Voluptate architecto hic voluptatem minus. Minus cum eum eaque in provident. Labore culpa sed eos suscipit sit consequatur unde.', 5, '2019-12-10 12:56:17', '2019-12-10 12:56:17'),
(23, 87, 'Amara Heller', 'Nam pariatur mollitia ad minima magni odio. Quasi itaque voluptatem sint sapiente vero in. Temporibus voluptatem et eum optio dolore asperiores. Eos vitae corporis reprehenderit necessitatibus tempora repudiandae.', 4, '2019-12-10 12:56:17', '2019-12-10 12:56:17'),
(24, 95, 'Kaylee McCullough', 'Officia corporis repellat fuga eligendi id nisi. Minima nihil adipisci officia fugiat eos culpa. Ratione maxime rerum ea aut perspiciatis repellat ad velit. Possimus soluta non quisquam qui accusamus itaque facere.', 3, '2019-12-10 12:56:18', '2019-12-10 12:56:18'),
(25, 15, 'Sonia Haley', 'Repudiandae enim numquam nulla rerum. Consequuntur omnis saepe magnam quod sequi.', 2, '2019-12-10 12:56:18', '2019-12-10 12:56:18'),
(26, 17, 'Aubree Turcotte', 'Eos vel quia quia et. Debitis laudantium excepturi iste. Corporis eos aliquid voluptas voluptate libero quis enim. Voluptatibus ducimus rerum est sed et ipsam.', 2, '2019-12-10 12:56:18', '2019-12-10 12:56:18'),
(27, 13, 'Grace Schuster', 'Aperiam aut rerum nisi repellat nam quasi blanditiis. Consequatur non temporibus dolores nihil qui ullam. Veritatis quis sapiente ullam voluptatem.', 0, '2019-12-10 12:56:18', '2019-12-10 12:56:18'),
(28, 91, 'Prof. Layne Christiansen IV', 'Autem et quaerat fugit soluta. Ad mollitia error sed totam laudantium vitae et. Laboriosam enim in perferendis voluptatem. Perferendis repellat cum impedit aperiam.', 4, '2019-12-10 12:56:18', '2019-12-10 12:56:18'),
(29, 64, 'Isidro Ruecker', 'Recusandae laboriosam fugiat deleniti ut hic ipsa blanditiis blanditiis. Reiciendis illum repellat ut quia. Velit quam voluptas nemo qui maiores sit. Laborum rerum sequi omnis illo atque magnam.', 0, '2019-12-10 12:56:18', '2019-12-10 12:56:18'),
(30, 2, 'Rosanna Breitenberg', 'Numquam eum voluptas inventore qui veritatis aliquam. Necessitatibus fugiat vero tempora voluptas.', 4, '2019-12-10 12:56:18', '2019-12-10 12:56:18'),
(31, 8, 'Rossie Walter', 'Mollitia non iusto veniam rerum maiores quia inventore delectus. Veritatis perspiciatis repudiandae at mollitia. Quidem aliquam placeat quis velit molestias aut quod.', 5, '2019-12-10 12:56:18', '2019-12-10 12:56:18'),
(32, 31, 'Gunnar Collier V', 'Culpa corporis harum debitis rerum quia molestias voluptatum. Explicabo natus eius deserunt sequi aut. Facilis accusamus aut sit aut molestias in.', 1, '2019-12-10 12:56:18', '2019-12-10 12:56:18'),
(33, 15, 'Kurtis Lowe', 'Magni aut aut aliquam reprehenderit. Facilis eius adipisci officia. Qui voluptatem ea velit similique ullam sit neque. Et ab corporis facere ut at.', 5, '2019-12-10 12:56:18', '2019-12-10 12:56:18'),
(34, 87, 'Dr. Hulda Tillman', 'Quas sit dolores qui aut quae omnis sit voluptatem. Et error quis nam aperiam quia facere illum. Vel ducimus repudiandae nam delectus architecto qui laborum.', 1, '2019-12-10 12:56:18', '2019-12-10 12:56:18'),
(35, 47, 'Crystel Bogan DDS', 'Eveniet earum quas odio sit atque et quis. Hic laboriosam quidem quia minus fugiat et. Sapiente ea reprehenderit quia sint aut quia maiores eveniet.', 5, '2019-12-10 12:56:18', '2019-12-10 12:56:18'),
(36, 87, 'Miss Maria Kiehn', 'Est odio quia quia dolorum voluptatem amet eum. Voluptatem nam nihil maxime aspernatur. Expedita officiis veritatis dolorem dolores explicabo nihil aut.', 4, '2019-12-10 12:56:18', '2019-12-10 12:56:18'),
(37, 49, 'Ms. Shaylee Abernathy Sr.', 'Tenetur dolor error molestiae incidunt qui quo adipisci. Facilis nemo quis sit voluptas.', 3, '2019-12-10 12:56:18', '2019-12-10 12:56:18'),
(38, 33, 'Mckayla Weber II', 'Non optio non quaerat maiores deserunt. Reiciendis est enim repellendus quia quia magni qui. Repellendus voluptatem sapiente voluptatem expedita accusamus et. Sed vero est non perferendis dolor perferendis doloremque qui.', 1, '2019-12-10 12:56:18', '2019-12-10 12:56:18'),
(39, 21, 'Lilla Becker', 'Minus ut reprehenderit unde rem molestiae placeat aut. Id autem totam eos nihil rerum. Hic sit dignissimos culpa deleniti consequatur voluptas.', 3, '2019-12-10 12:56:18', '2019-12-10 12:56:18'),
(40, 49, 'Prof. Zackary Greenfelder', 'Dignissimos exercitationem rerum sint. Unde iure aliquid facere repellat sapiente. Voluptate occaecati non blanditiis asperiores incidunt aliquid velit. Molestiae ipsa optio rerum harum aut quidem.', 4, '2019-12-10 12:56:18', '2019-12-10 12:56:18'),
(41, 63, 'Ilene Kertzmann', 'Placeat nisi iusto sint aliquam. Expedita sed enim laudantium vitae et nemo placeat. Rerum ratione quia soluta nihil labore.', 2, '2019-12-10 12:56:18', '2019-12-10 12:56:18'),
(42, 27, 'Duane Stroman', 'Voluptatem fuga ratione quibusdam voluptas qui. Cumque quas qui qui fuga illo minima. Ut nemo ut nulla voluptatibus quos quaerat ut. Veniam voluptatum ad nemo dicta veritatis itaque et.', 5, '2019-12-10 12:56:18', '2019-12-10 12:56:18'),
(43, 53, 'Mrs. Barbara Bayer', 'Tempore ipsa reiciendis velit nihil magni aut. Et aut molestiae qui culpa perspiciatis. Quidem ut debitis fugiat sed rerum.', 3, '2019-12-10 12:56:18', '2019-12-10 12:56:18'),
(44, 61, 'Sabryna Mitchell', 'Voluptatum qui veritatis inventore ducimus molestiae. Quibusdam quibusdam voluptatem sit similique vitae atque rerum. Nulla architecto maxime laudantium dolorem odio similique. Amet ipsa sit mollitia voluptate occaecati aut.', 0, '2019-12-10 12:56:18', '2019-12-10 12:56:18'),
(45, 71, 'Mr. Ellis Feil', 'Enim in doloribus quibusdam neque enim. Molestias culpa ipsum ut dolorem quos incidunt. In est numquam est ea quaerat qui. Natus rem nostrum sed saepe.', 0, '2019-12-10 12:56:18', '2019-12-10 12:56:18'),
(46, 16, 'Donald Rice', 'Ut recusandae earum et assumenda quibusdam eveniet incidunt. Enim sint dolorem dignissimos quas minima dolores perferendis.', 0, '2019-12-10 12:56:18', '2019-12-10 12:56:18'),
(47, 75, 'Geoffrey Hermiston', 'Ea unde totam dolores corrupti labore ad. Unde quas corporis ut aut qui autem. Reprehenderit sint aspernatur quisquam.', 4, '2019-12-10 12:56:18', '2019-12-10 12:56:18'),
(48, 32, 'Carmelo Hartmann', 'Molestiae quis laboriosam non aut placeat impedit. Cumque beatae dolores ducimus. Iste adipisci est amet est quos ratione. Aspernatur rerum eos soluta cupiditate occaecati quidem quia tempora.', 5, '2019-12-10 12:56:18', '2019-12-10 12:56:18'),
(49, 92, 'Prof. Lavern Terry', 'Facere dolores cupiditate voluptates. Velit vitae et nulla omnis ut est est maiores. Impedit nemo quos nobis omnis dolorem. Officia in quisquam perferendis id incidunt odit quae.', 4, '2019-12-10 12:56:18', '2019-12-10 12:56:18'),
(50, 73, 'Prof. Jordon Hane', 'Consequatur aliquid impedit suscipit. Quo quibusdam aut accusantium est voluptas culpa. Molestias commodi corporis officia aut sunt et voluptatem. Et illum quia voluptatem at.', 0, '2019-12-10 12:56:18', '2019-12-10 12:56:18'),
(51, 48, 'Amie Johns', 'Minima debitis eius eveniet unde illum nulla. Cumque illum et suscipit natus perferendis accusamus. Molestiae cupiditate in voluptates laborum magni eius. Ipsa veritatis rerum porro quibusdam.', 3, '2019-12-10 12:56:18', '2019-12-10 12:56:18'),
(52, 49, 'Anastacio Gorczany', 'Velit ipsum quia dignissimos quos quae dolorem. Minus eum molestiae ratione repudiandae. Facilis voluptatibus non error et amet reprehenderit. Et sint ratione quibusdam necessitatibus.', 4, '2019-12-10 12:56:18', '2019-12-10 12:56:18'),
(53, 36, 'Johan Jacobson', 'Ratione incidunt corporis dignissimos fuga exercitationem. Distinctio eos unde eos eaque. Ab velit minima est nihil sed necessitatibus.', 4, '2019-12-10 12:56:18', '2019-12-10 12:56:18'),
(54, 55, 'Sincere Goodwin', 'Sit voluptatem exercitationem officiis incidunt nobis. Possimus ducimus et voluptates optio. Sed itaque ea sunt itaque et.', 2, '2019-12-10 12:56:18', '2019-12-10 12:56:18'),
(55, 70, 'Magnolia Howe MD', 'Est at ut tempora. Necessitatibus quisquam maxime quaerat qui nihil.', 4, '2019-12-10 12:56:19', '2019-12-10 12:56:19'),
(56, 86, 'Rubie Pacocha', 'Delectus et ea voluptatem pariatur excepturi atque. Quia illum asperiores perspiciatis sequi sed amet et. Explicabo pariatur quia nam ratione.', 1, '2019-12-10 12:56:19', '2019-12-10 12:56:19'),
(57, 37, 'Dr. Jolie Bogan', 'Cum sed consequatur praesentium laudantium. Id dolores id est ex. Non aspernatur eos quibusdam consequatur cumque adipisci consequuntur. Necessitatibus id exercitationem ea quis sed cupiditate.', 5, '2019-12-10 12:56:19', '2019-12-10 12:56:19'),
(58, 61, 'Efrain Hahn', 'Incidunt sit dolores ut quo id dolorem. Repellendus et reprehenderit voluptatibus sint nisi. Quod et rerum iste vitae non voluptatem voluptas.', 4, '2019-12-10 12:56:19', '2019-12-10 12:56:19'),
(59, 32, 'Neal Braun', 'Eum sint eius perferendis excepturi ut odio voluptatibus rerum. Amet optio illum maiores inventore autem fuga sequi. Sint quo ratione quam pariatur qui repellat voluptatem. Necessitatibus deleniti ipsum unde eos.', 5, '2019-12-10 12:56:19', '2019-12-10 12:56:19'),
(60, 50, 'Wiley McKenzie', 'Quia saepe in facere voluptatem dolor. Suscipit et veritatis aut doloremque quia.', 0, '2019-12-10 12:56:19', '2019-12-10 12:56:19'),
(61, 7, 'Alessia Daugherty Sr.', 'Ad quo qui molestias illum ut eveniet cupiditate. Odit consequatur ipsam ut quia velit laudantium reprehenderit. Harum id amet ex ea similique velit ut illo.', 2, '2019-12-10 12:56:19', '2019-12-10 12:56:19'),
(62, 7, 'Dr. Zora Maggio III', 'Beatae qui quo ducimus doloribus quasi laboriosam et. Aut repellendus quod pariatur. Reprehenderit repellat culpa nesciunt vero qui architecto.', 3, '2019-12-10 12:56:19', '2019-12-10 12:56:19'),
(63, 16, 'Karlee Lemke II', 'Tempora reprehenderit autem natus earum. Id consequuntur aut quos maxime blanditiis qui et. Temporibus eaque atque qui dolorem quo consequatur aliquid consequuntur. Consequatur suscipit esse harum provident et.', 5, '2019-12-10 12:56:19', '2019-12-10 12:56:19'),
(64, 10, 'Miss Erica Friesen DVM', 'Voluptatem optio placeat quisquam minus omnis non et voluptatibus. Deserunt et et sequi amet veniam sunt ad. Similique autem deleniti minima error ut magni.', 2, '2019-12-10 12:56:19', '2019-12-10 12:56:19'),
(65, 25, 'Estella Bins MD', 'Quis molestiae vel sed est numquam. Vel sit et hic quis. Quasi saepe odio magni animi atque facere tenetur molestiae. Nam vero ipsa animi nihil quam.', 2, '2019-12-10 12:56:19', '2019-12-10 12:56:19'),
(66, 53, 'Prof. Dominique Gutkowski II', 'Ratione sunt similique maiores ullam culpa asperiores laboriosam. At possimus ab est est. Voluptatibus asperiores sapiente adipisci vitae.', 3, '2019-12-10 12:56:19', '2019-12-10 12:56:19'),
(67, 18, 'Miss Thelma Klocko', 'Vero molestiae culpa quaerat cum. Quis sunt suscipit temporibus et officia dolor praesentium. Maiores iste tenetur voluptatibus facere omnis dolor. Facilis sed voluptatum illo est sint unde aliquam.', 4, '2019-12-10 12:56:19', '2019-12-10 12:56:19'),
(68, 93, 'Timmy Larson Sr.', 'Omnis autem vel est sit. Maiores est iure dignissimos reiciendis dolor assumenda aut. Aspernatur dolor sed aut. Est rerum sit modi atque et voluptatem consequatur.', 3, '2019-12-10 12:56:19', '2019-12-10 12:56:19'),
(69, 55, 'Kathryn Little', 'Ea ad porro hic corporis commodi. Blanditiis voluptatem laudantium molestias nostrum voluptas et.', 4, '2019-12-10 12:56:19', '2019-12-10 12:56:19'),
(70, 71, 'Edyth Shanahan', 'Et enim modi repellendus voluptas nihil consequatur repudiandae. Voluptatem veniam accusantium veniam nostrum molestiae in. Soluta omnis sed debitis quas cumque in corporis. Optio velit nihil eum nulla odio id totam. Adipisci ratione quia quasi blanditiis veniam et.', 4, '2019-12-10 12:56:19', '2019-12-10 12:56:19'),
(71, 75, 'Mr. Ron Monahan', 'Iste aspernatur quasi blanditiis asperiores. Deserunt non eos odio iste voluptas ut. Laboriosam non alias et id. Quia qui et consequuntur minus.', 4, '2019-12-10 12:56:19', '2019-12-10 12:56:19'),
(72, 17, 'Annette Luettgen I', 'Ipsam hic facere nobis. Deleniti facilis occaecati cupiditate culpa.', 4, '2019-12-10 12:56:19', '2019-12-10 12:56:19'),
(73, 53, 'Jamar Kihn DVM', 'Facere laudantium hic recusandae magnam architecto. Vitae aperiam vitae cum repudiandae qui consequatur. Sit consequuntur porro quis. Placeat et reprehenderit accusamus dolorum nulla.', 2, '2019-12-10 12:56:19', '2019-12-10 12:56:19'),
(74, 9, 'Monserrate Douglas', 'Aperiam dolorum unde id voluptas reprehenderit dolorum. Enim consequatur quia id cupiditate. Iure maxime numquam qui qui. Delectus est blanditiis illo aspernatur nam. Vel cupiditate ipsum aut.', 2, '2019-12-10 12:56:19', '2019-12-10 12:56:19'),
(75, 98, 'Diamond Quigley', 'Aut voluptas distinctio facilis culpa nobis eligendi. Porro temporibus earum voluptate a soluta. Facere consequuntur dolores odit aut accusantium. Aut explicabo assumenda ex eum placeat doloremque.', 1, '2019-12-10 12:56:19', '2019-12-10 12:56:19'),
(76, 9, 'Garrett Ferry', 'Aut qui quis qui molestias nihil sapiente ut. Rerum aut consequatur officia temporibus id magnam. Maiores aut a qui exercitationem est ratione aut. Natus ut voluptatem enim expedita voluptatem veniam sint.', 5, '2019-12-10 12:56:19', '2019-12-10 12:56:19'),
(77, 52, 'Mrs. Emelie Rodriguez DDS', 'Placeat ipsam autem nisi vitae et. Quis autem corrupti et cupiditate tempora. Totam quae aut id modi et. Voluptas qui beatae autem optio.', 0, '2019-12-10 12:56:19', '2019-12-10 12:56:19'),
(78, 93, 'Prof. Lawson Haley IV', 'Ipsam dolorem enim in iure inventore. Odit odio aut et assumenda delectus. Et eaque neque neque odit est accusamus nobis animi. Optio qui laborum dicta.', 3, '2019-12-10 12:56:19', '2019-12-10 12:56:19'),
(79, 50, 'Dr. Miller Zemlak II', 'Odio sequi eos voluptatem tempore dolores consequatur veniam. Et accusantium qui doloribus veritatis. Reprehenderit harum dolores doloremque ducimus vero at aut.', 5, '2019-12-10 12:56:19', '2019-12-10 12:56:19'),
(80, 81, 'Adolph Price', 'Quos fuga quidem molestias. Sapiente et porro pariatur porro aut dignissimos. Laudantium fugiat incidunt eius ut est porro. Voluptates quaerat et omnis nulla vero odit.', 0, '2019-12-10 12:56:19', '2019-12-10 12:56:19'),
(81, 26, 'Prof. Abdullah Gottlieb I', 'Et et assumenda quo impedit quas voluptas consequatur porro. Aut consequatur praesentium nesciunt necessitatibus inventore temporibus quis. Recusandae officiis tenetur sint cupiditate iusto omnis.', 1, '2019-12-10 12:56:19', '2019-12-10 12:56:19'),
(82, 69, 'Jedidiah Doyle', 'Nihil rerum voluptatem et cupiditate. Laboriosam fugiat voluptatibus doloribus quam aut facilis. Animi quae fuga nostrum et quia.', 4, '2019-12-10 12:56:19', '2019-12-10 12:56:19'),
(83, 18, 'Marlon Monahan IV', 'Vitae illum esse ut aut numquam. Illo voluptate placeat omnis quia architecto. Sequi qui quasi adipisci quia.', 3, '2019-12-10 12:56:19', '2019-12-10 12:56:19'),
(84, 27, 'Weldon Beier', 'Consectetur ut facere voluptatem sunt nihil qui doloremque. Quidem voluptatem qui molestiae facilis minus quis.', 2, '2019-12-10 12:56:19', '2019-12-10 12:56:19'),
(85, 2, 'Deven Schumm III', 'Est nam hic aperiam aut totam et delectus minus. Eum excepturi a neque asperiores quia ut. Facere ullam id ipsum architecto et. Dolores ut molestiae impedit deleniti.', 0, '2019-12-10 12:56:19', '2019-12-10 12:56:19'),
(86, 8, 'Jennifer Purdy', 'Molestiae inventore sunt dignissimos occaecati nihil. Amet cupiditate ut facere tempore rem dicta. Est tempore illo nihil qui corporis cum. Occaecati sit consequatur rem temporibus quia.', 0, '2019-12-10 12:56:19', '2019-12-10 12:56:19'),
(87, 83, 'Prof. Brielle Ritchie MD', 'Aperiam rerum et alias est recusandae. Est provident aut consequatur veritatis non ea. Voluptatem adipisci qui doloribus non sed voluptas. Quisquam occaecati aut veritatis quis cum labore dolorem nisi.', 4, '2019-12-10 12:56:19', '2019-12-10 12:56:19'),
(88, 35, 'Ms. Suzanne Satterfield DVM', 'Fuga dignissimos perspiciatis et. Aspernatur vero facilis ex adipisci aliquam nulla unde. Non earum praesentium unde cupiditate voluptas. Dignissimos quia animi assumenda et deleniti sed.', 0, '2019-12-10 12:56:19', '2019-12-10 12:56:19'),
(89, 75, 'Lesley Heller', 'Nihil nemo dolore totam dolor saepe adipisci. Incidunt doloribus ut fugit qui quaerat. Perspiciatis aut et excepturi qui adipisci. Dignissimos eaque enim ex atque ipsa.', 3, '2019-12-10 12:56:19', '2019-12-10 12:56:19'),
(90, 66, 'Randal O\'Keefe', 'Ut perspiciatis qui dolores esse nihil ab commodi et. Sit quia perferendis quibusdam. Est omnis amet possimus voluptatem non possimus rerum accusantium.', 4, '2019-12-10 12:56:19', '2019-12-10 12:56:19'),
(91, 87, 'Josianne Spencer Sr.', 'Ab accusantium placeat odit similique. Nobis ab expedita est dolor aut voluptatibus. Dolorem officiis placeat quo. Consequuntur reiciendis odit excepturi consequatur.', 4, '2019-12-10 12:56:19', '2019-12-10 12:56:19'),
(92, 80, 'Helmer Quitzon', 'Enim enim doloremque fugit dolores possimus. Expedita aliquam consequuntur inventore repellendus cupiditate perspiciatis. Quos pariatur deserunt placeat eligendi. Aliquid accusamus qui consequatur ad molestias ipsum qui.', 4, '2019-12-10 12:56:19', '2019-12-10 12:56:19'),
(93, 37, 'Shirley Durgan V', 'Consequuntur et fuga perferendis voluptatibus nobis a rerum eos. Distinctio officiis rerum quam quia. Similique nulla in rem officia alias quasi.', 2, '2019-12-10 12:56:20', '2019-12-10 12:56:20'),
(94, 36, 'Millie Bauch', 'Aut aut voluptates ea pariatur debitis sed nostrum velit. Sed rerum repudiandae molestias in explicabo aspernatur. Aut eum blanditiis autem quia. Expedita labore ut totam blanditiis id.', 5, '2019-12-10 12:56:20', '2019-12-10 12:56:20'),
(95, 34, 'Mr. Kristopher McGlynn', 'Aut eligendi a eum ab molestias tempora quos. Labore qui ut laborum expedita officia vel esse. Sed nisi non quae quia quae.', 4, '2019-12-10 12:56:20', '2019-12-10 12:56:20'),
(96, 89, 'Mr. Erich Legros Sr.', 'Reprehenderit quis nihil laborum aut veniam. Assumenda repellendus natus tempora quidem qui. Eum voluptatem rerum sequi in rerum. Porro officia beatae qui vero.', 4, '2019-12-10 12:56:20', '2019-12-10 12:56:20'),
(97, 94, 'Mrs. Brandy Beer MD', 'Sit a tempora fuga beatae voluptas eveniet odit. Consequatur sunt consequatur quis quo. Expedita et fugiat iusto unde harum ducimus omnis. Laboriosam numquam eius repudiandae aut.', 3, '2019-12-10 12:56:20', '2019-12-10 12:56:20'),
(98, 26, 'Dr. Joanie Koch I', 'Libero qui rerum cupiditate accusamus dolores. Est numquam quasi molestiae repellat quaerat necessitatibus non. Ea quia iusto temporibus ea ducimus. Vero et enim mollitia consequuntur animi aliquam. Et soluta totam est quasi voluptates eveniet ut vitae.', 4, '2019-12-10 12:56:20', '2019-12-10 12:56:20'),
(99, 14, 'Roma Fahey', 'Est rerum aspernatur totam atque perferendis. Rerum voluptatem molestiae quo molestias aut veniam eaque sit. Inventore sit voluptatem asperiores voluptatem in nam.', 1, '2019-12-10 12:56:20', '2019-12-10 12:56:20'),
(100, 79, 'Urban Oberbrunner', 'Nihil sed veritatis enim ut. Debitis et sint nobis velit quo fugiat. Facere deserunt neque quas vitae dolores repudiandae quae. Magnam minima est qui modi accusamus ut vel nemo. Omnis earum voluptatem aspernatur assumenda alias voluptas itaque.', 4, '2019-12-10 12:56:20', '2019-12-10 12:56:20'),
(101, 10, 'Orval Rosenbaum IV', 'Accusantium eos libero velit pariatur debitis nesciunt. Debitis quos natus sequi soluta est quod reiciendis. Similique nihil sit libero perferendis quis. Facilis sunt aut blanditiis.', 5, '2019-12-10 12:56:20', '2019-12-10 12:56:20'),
(102, 28, 'Ms. Alana Spencer', 'Sed eligendi aut quae. Aperiam et sit sit sint. Et quia quod asperiores rerum voluptas.', 0, '2019-12-10 12:56:20', '2019-12-10 12:56:20'),
(103, 9, 'Mr. Garnet Heathcote II', 'Minus maxime voluptatem fugiat quam. Provident voluptatem quis ipsum voluptas veritatis quae. Optio illo consectetur sit doloremque laboriosam voluptate consequatur esse. Modi quia qui ducimus iste facere tempora laborum quidem.', 2, '2019-12-10 12:56:20', '2019-12-10 12:56:20'),
(104, 64, 'Delfina Dibbert I', 'Molestias dolorum atque eligendi numquam velit molestiae. Eos natus placeat minus enim minus officia neque. Repudiandae optio eius tempora.', 5, '2019-12-10 12:56:20', '2019-12-10 12:56:20'),
(105, 8, 'Kavon Jast', 'Incidunt tempora est dolorem provident optio. Et dolor id velit error rem nisi quas. Sunt qui qui modi nemo.', 1, '2019-12-10 12:56:20', '2019-12-10 12:56:20'),
(106, 100, 'Velma Fadel Jr.', 'Nesciunt nisi illum iure eum nam aliquam sint. Est tempora accusantium consequatur quidem. Consequatur deserunt aliquid quasi incidunt culpa. Sed voluptatum aut aut a voluptatibus.', 0, '2019-12-10 12:56:20', '2019-12-10 12:56:20'),
(107, 20, 'Berta Kassulke DVM', 'Perferendis ut est voluptatem nostrum. Qui fugit quisquam voluptatem debitis eum possimus suscipit sapiente. Ut sapiente nesciunt eum vero occaecati qui corrupti. Molestias temporibus placeat neque ut.', 4, '2019-12-10 12:56:20', '2019-12-10 12:56:20'),
(108, 26, 'Mollie Welch', 'Officia nesciunt sunt velit est sed reprehenderit iusto. Voluptatibus eligendi et omnis fugit libero optio. Ipsam eveniet voluptatibus sed eveniet dignissimos amet voluptatem est.', 3, '2019-12-10 12:56:20', '2019-12-10 12:56:20'),
(109, 36, 'Mr. Ambrose Mills PhD', 'Porro magnam id explicabo omnis voluptates non. Sit commodi fuga hic ducimus enim placeat ut. Minima soluta consequatur omnis. Aspernatur quia qui eligendi soluta.', 2, '2019-12-10 12:56:20', '2019-12-10 12:56:20'),
(110, 90, 'Dr. Meagan Runolfsdottir', 'Quae suscipit nobis tempore neque ut pariatur. Assumenda similique enim maxime enim. Enim perspiciatis dolore ad non dignissimos.', 0, '2019-12-10 12:56:20', '2019-12-10 12:56:20'),
(111, 1, 'Anna Altenwerth', 'Et est natus dolor occaecati illum quasi qui. Modi placeat ipsam et quod nulla officia id. Magnam non similique ipsam repudiandae. Eos sint dolorum libero molestiae officia ut eaque.', 1, '2019-12-10 12:56:20', '2019-12-10 12:56:20'),
(112, 18, 'Domenick Daugherty', 'A alias sunt molestias ut eius. Laboriosam tenetur suscipit et sed eveniet possimus dolore quia. Beatae ut excepturi aut vitae eligendi est. Laudantium repellat dicta harum. Qui tempora eius labore sequi.', 1, '2019-12-10 12:56:20', '2019-12-10 12:56:20'),
(113, 47, 'Elta Zieme', 'Magnam quibusdam minima rerum rerum rerum quia eos. Doloribus voluptas qui accusantium.', 0, '2019-12-10 12:56:20', '2019-12-10 12:56:20'),
(114, 97, 'Carroll Beier IV', 'Voluptatibus necessitatibus consectetur beatae deserunt inventore. Animi optio natus numquam maiores. Qui numquam dicta consequatur quia. Ut esse impedit ad repudiandae suscipit.', 4, '2019-12-10 12:56:20', '2019-12-10 12:56:20'),
(115, 3, 'Veda Weissnat', 'Illo non accusantium quia. Alias dignissimos assumenda rerum sit corporis aut inventore.', 1, '2019-12-10 12:56:20', '2019-12-10 12:56:20'),
(116, 50, 'Justus Powlowski', 'Tempora in blanditiis itaque. Quae vero eaque excepturi commodi laborum voluptas id. Suscipit molestiae suscipit harum autem repellat consequuntur dolor unde.', 5, '2019-12-10 12:56:21', '2019-12-10 12:56:21'),
(117, 21, 'Cleve Marvin', 'Quaerat sint iusto et cumque dolores ipsum inventore. Aliquam non voluptate repellat maxime ut sint laudantium. Delectus voluptas velit sed rem aut quos. Nihil aut architecto consectetur magnam mollitia sed ipsum.', 5, '2019-12-10 12:56:21', '2019-12-10 12:56:21'),
(118, 7, 'Alexandre Bergnaum PhD', 'Ipsa quia laudantium nihil eum. Molestiae ut vitae sint. Magni a laboriosam quas atque omnis rerum.', 1, '2019-12-10 12:56:21', '2019-12-10 12:56:21'),
(119, 3, 'Daisha Ward', 'Et temporibus et eum et alias. Asperiores pariatur qui consequuntur est voluptatum exercitationem iste. Repellendus quaerat ea repellendus.', 2, '2019-12-10 12:56:21', '2019-12-10 12:56:21'),
(120, 19, 'Mrs. Dena Hamill Jr.', 'Eligendi ut eligendi ipsam rem officiis voluptas provident pariatur. Eum repellendus rerum ea dignissimos atque.', 4, '2019-12-10 12:56:21', '2019-12-10 12:56:21'),
(121, 50, 'Patrick Hermiston', 'Nihil dignissimos ab eum sit. Doloribus velit ea quasi. Corrupti accusantium eum nostrum sapiente magni vitae numquam.', 2, '2019-12-10 12:56:21', '2019-12-10 12:56:21'),
(122, 77, 'Grace Beatty', 'Ducimus velit rerum qui et. Nihil veritatis magnam porro aut vero saepe ut. Aspernatur porro perspiciatis voluptatem voluptatem ea architecto impedit error. Omnis non ipsum qui velit non sit animi.', 3, '2019-12-10 12:56:21', '2019-12-10 12:56:21'),
(123, 10, 'Dwight Balistreri', 'Esse nobis quia ea ea. Eligendi ullam reprehenderit quas qui qui similique. Qui voluptatem aperiam ea occaecati.', 5, '2019-12-10 12:56:21', '2019-12-10 12:56:21'),
(124, 70, 'Felipa Bauch', 'Ducimus omnis quia soluta officiis nihil repellat ipsa. Ea repellat sit et commodi sit voluptatem enim. Inventore aut iste enim error. Officiis et qui est occaecati hic repudiandae molestiae sed.', 0, '2019-12-10 12:56:21', '2019-12-10 12:56:21'),
(125, 20, 'Jimmy Will', 'Expedita doloribus blanditiis aut qui adipisci necessitatibus ut. Non autem aperiam quidem perspiciatis et reiciendis enim et. Consequatur non est aut enim ullam. Mollitia libero aliquam rem dolor.', 5, '2019-12-10 12:56:21', '2019-12-10 12:56:21'),
(126, 92, 'Jamarcus Gibson', 'Aut asperiores nisi autem accusamus consectetur provident. Et consequuntur omnis qui consectetur quibusdam placeat. Voluptatum voluptas nulla eaque. Et tempora ut velit enim molestiae unde.', 1, '2019-12-10 12:56:21', '2019-12-10 12:56:21'),
(127, 75, 'Everett Johns', 'Eligendi quidem fuga mollitia explicabo sed deserunt corrupti. Et provident reprehenderit quis aut. Ut ea molestias sit repellat deleniti quos.', 0, '2019-12-10 12:56:21', '2019-12-10 12:56:21'),
(128, 32, 'Prof. Kristin Kunde', 'Quis quaerat soluta est. Consequatur recusandae quibusdam deserunt quod ut. Maiores quia nobis aut ipsum. Nisi non laboriosam libero impedit enim amet veritatis.', 0, '2019-12-10 12:56:21', '2019-12-10 12:56:21'),
(129, 55, 'Jeremy Roob', 'Sit velit soluta nemo saepe iure deleniti dicta. Libero asperiores distinctio hic assumenda magnam. Ipsa corrupti quibusdam delectus placeat laborum nulla. Ut earum nostrum accusantium magnam in et perspiciatis.', 2, '2019-12-10 12:56:21', '2019-12-10 12:56:21'),
(130, 97, 'Marisa Reichert', 'Iure exercitationem itaque voluptate illum ratione recusandae expedita. Ut quis voluptatum a.', 4, '2019-12-10 12:56:21', '2019-12-10 12:56:21'),
(131, 94, 'Providenci Cruickshank', 'Sequi accusantium sit modi voluptatem aut. Reprehenderit a debitis tempore natus qui molestiae temporibus. Eveniet omnis voluptas deleniti fuga reiciendis iure enim.', 1, '2019-12-10 12:56:21', '2019-12-10 12:56:21'),
(132, 7, 'Mr. Rupert Barton II', 'Voluptates vitae nobis ea vel ut impedit. In animi nostrum aut et beatae. Quos qui placeat id eos illo alias. Odit odit et porro eveniet et.', 5, '2019-12-10 12:56:21', '2019-12-10 12:56:21'),
(133, 2, 'Dane Johns V', 'Non distinctio velit sint. Ratione ipsa optio cumque hic ut est incidunt sint. Labore consequatur excepturi minus voluptatibus.', 2, '2019-12-10 12:56:21', '2019-12-10 12:56:21'),
(134, 8, 'Leora Steuber', 'Et dolorum officia necessitatibus. Sed et ut voluptates. Sunt cumque consectetur occaecati laborum nostrum. Quo illum reprehenderit cupiditate voluptate nam. Provident ipsam maxime facilis laboriosam.', 5, '2019-12-10 12:56:21', '2019-12-10 12:56:21'),
(135, 56, 'Fredy Keeling', 'Consequatur voluptatem eum ut voluptas fuga at et. In odit occaecati qui sed consequatur aut pariatur. Voluptatem alias ducimus tempore.', 2, '2019-12-10 12:56:21', '2019-12-10 12:56:21'),
(136, 50, 'Madeline Rempel', 'Vero velit voluptatem veritatis ab necessitatibus sint. Laudantium animi expedita perspiciatis et consequatur quo qui nam. Recusandae molestiae quidem minima omnis deleniti.', 4, '2019-12-10 12:56:21', '2019-12-10 12:56:21'),
(137, 68, 'Brandy Kuvalis', 'Cumque et consectetur minus explicabo aliquid animi quia repudiandae. Soluta consequatur corrupti ex. Ratione corrupti aut eum molestiae ut omnis animi. Qui veritatis molestiae omnis tempore nisi quasi illo occaecati. Sit nisi saepe et dolor ullam laboriosam harum dolores.', 4, '2019-12-10 12:56:21', '2019-12-10 12:56:21'),
(138, 68, 'Mr. Chauncey O\'Connell I', 'Qui nulla aut ratione nisi. Velit dolores voluptatem omnis velit repellat esse blanditiis. Voluptas eaque optio totam rerum optio nisi quae.', 5, '2019-12-10 12:56:21', '2019-12-10 12:56:21'),
(139, 36, 'Edmond Schulist', 'Velit eaque voluptatem voluptatem corrupti magni voluptas illum. Molestiae dolorem dolor et voluptas ipsa. Impedit dicta amet dolores odio odit animi distinctio commodi.', 3, '2019-12-10 12:56:21', '2019-12-10 12:56:21'),
(140, 83, 'Bella Prohaska', 'Aut labore eos unde nulla nihil. A libero voluptatem quibusdam sit. Sapiente fuga et ut consectetur illo doloremque iste occaecati. Ad debitis soluta ut nemo et.', 5, '2019-12-10 12:56:21', '2019-12-10 12:56:21'),
(141, 89, 'Priscilla Daniel', 'Minus omnis enim ipsum maiores sint et. Explicabo cumque rerum cum et natus. Temporibus ipsam et itaque laboriosam. Iste esse et corrupti omnis quam ut molestiae.', 1, '2019-12-10 12:56:21', '2019-12-10 12:56:21'),
(142, 23, 'Raheem Flatley', 'Corrupti non animi officiis incidunt architecto harum aut. Ipsam commodi consequatur enim molestias omnis odio. Inventore optio dolore corrupti voluptatibus maxime tenetur dolor.', 4, '2019-12-10 12:56:21', '2019-12-10 12:56:21'),
(143, 59, 'Deanna Davis', 'Iure sapiente esse minus sequi. Porro atque et ut maiores cum odit qui. Velit dolorum magnam facilis eos quidem quia quos perspiciatis.', 1, '2019-12-10 12:56:22', '2019-12-10 12:56:22'),
(144, 11, 'Gennaro Tremblay III', 'Et porro similique quos. Necessitatibus nobis sit rerum quae suscipit. Repudiandae cupiditate excepturi qui error quidem ea.', 0, '2019-12-10 12:56:22', '2019-12-10 12:56:22'),
(145, 27, 'D\'angelo Okuneva', 'Odio quas quam non porro excepturi sint. Esse vero repellendus similique. Suscipit aut ut aliquam rerum ut animi aut.', 0, '2019-12-10 12:56:22', '2019-12-10 12:56:22'),
(146, 79, 'Edgar Strosin', 'Aspernatur aut tempora iusto magnam aut. A similique et porro sit. Vel est ducimus autem recusandae neque quas et.', 0, '2019-12-10 12:56:22', '2019-12-10 12:56:22'),
(147, 53, 'Dr. Chadrick Metz', 'Ut aut sunt accusamus placeat id omnis. Omnis officiis provident quia non alias debitis adipisci.', 3, '2019-12-10 12:56:22', '2019-12-10 12:56:22'),
(148, 8, 'Asha Moore', 'Minus explicabo numquam distinctio ex ex et et. Qui vel eveniet pariatur itaque aliquid quasi voluptatem.', 5, '2019-12-10 12:56:22', '2019-12-10 12:56:22'),
(149, 15, 'Sadye Erdman', 'Nam asperiores et sint non. Quam enim libero qui occaecati ea. Molestias perferendis et quis quo. Quis pariatur magni dolores aut hic sed ducimus dicta.', 1, '2019-12-10 12:56:22', '2019-12-10 12:56:22'),
(150, 72, 'Destinee Franecki', 'At inventore harum magnam. Rerum eos quam et accusamus iure quae nam. Dolorem non perspiciatis laborum qui commodi quam quae alias.', 2, '2019-12-10 12:56:22', '2019-12-10 12:56:22'),
(151, 11, 'Mrs. Jordane Jerde MD', 'Accusantium officia labore nihil fuga ratione debitis occaecati. Rerum impedit et optio sit. Ea commodi aut molestias. Ipsa consectetur veritatis qui tempora dolorum enim est. Fugit suscipit quam dolorum optio accusantium omnis.', 4, '2019-12-10 12:56:22', '2019-12-10 12:56:22'),
(152, 56, 'Urban Mosciski', 'Minus possimus excepturi et expedita. Eum animi molestias voluptatum ab beatae et.', 2, '2019-12-10 12:56:22', '2019-12-10 12:56:22'),
(153, 67, 'Dr. Shayne Hickle PhD', 'Enim neque explicabo quisquam iure quia. Consequuntur nisi dicta aut deserunt. Qui minus ut quidem temporibus.', 5, '2019-12-10 12:56:22', '2019-12-10 12:56:22'),
(154, 41, 'Aurore Wyman', 'Et dolorem nemo odit. Nesciunt at assumenda a est. Nesciunt recusandae dolorum sunt animi voluptatem odio. Placeat alias deleniti veniam illum minus.', 2, '2019-12-10 12:56:22', '2019-12-10 12:56:22'),
(155, 87, 'Christopher Strosin', 'Consequatur nihil dolor nihil nobis qui. Eum sit soluta numquam. Non sequi autem consequuntur velit rerum deserunt.', 5, '2019-12-10 12:56:22', '2019-12-10 12:56:22'),
(156, 80, 'Mr. Ibrahim Lowe V', 'Odio eos esse impedit ea in ut. Quo dicta fuga rerum ut in eligendi. Voluptas nostrum unde ut perspiciatis odio officiis velit.', 1, '2019-12-10 12:56:22', '2019-12-10 12:56:22'),
(157, 33, 'Dean Zemlak', 'Non impedit ut in eligendi temporibus. Ipsum aperiam non modi est officiis. Ratione molestiae autem possimus facere enim.', 5, '2019-12-10 12:56:22', '2019-12-10 12:56:22'),
(158, 15, 'Mr. Westley Reynolds V', 'Id officiis nemo quo quia. Molestiae eum sint blanditiis ab sit omnis doloribus. Dolor sunt rerum aut.', 3, '2019-12-10 12:56:22', '2019-12-10 12:56:22'),
(159, 96, 'Rebecca Feest IV', 'Est odio quo occaecati asperiores quibusdam. Molestiae magnam cumque praesentium et.', 0, '2019-12-10 12:56:22', '2019-12-10 12:56:22'),
(160, 52, 'Mathilde Purdy', 'Qui et culpa harum veniam. Non suscipit est voluptatem nesciunt inventore. Aut quidem voluptate excepturi ut.', 5, '2019-12-10 12:56:22', '2019-12-10 12:56:22'),
(161, 66, 'Orval Upton', 'Blanditiis a exercitationem omnis maiores. Beatae beatae commodi quis dolorem porro officiis. Sit laborum laboriosam iusto. Accusantium numquam itaque labore laborum sint illum.', 5, '2019-12-10 12:56:22', '2019-12-10 12:56:22'),
(162, 43, 'Edison Braun', 'Fugit et molestias ipsam nam vero dolorem. Est temporibus velit hic non saepe. Et consequatur laudantium totam aut. Voluptatem consequatur expedita laborum voluptate voluptas quis quis.', 3, '2019-12-10 12:56:22', '2019-12-10 12:56:22'),
(163, 60, 'Pete Wolff', 'Quo voluptatem rem in sunt autem sed. Nisi quasi reiciendis sapiente tempore distinctio et. Nostrum sunt possimus quos magnam cum. Iste incidunt fugiat quaerat corrupti quasi.', 1, '2019-12-10 12:56:22', '2019-12-10 12:56:22'),
(164, 15, 'Henderson Kautzer', 'Voluptatem et amet est ipsa magnam. Quam totam qui nesciunt vel recusandae. Sed illo tempora esse esse non odit hic. Repellendus qui blanditiis vel inventore qui accusamus.', 3, '2019-12-10 12:56:22', '2019-12-10 12:56:22'),
(165, 24, 'Jon Kohler', 'Omnis aut in et dolor perferendis. Voluptas quia nam qui et optio aut impedit soluta. Est saepe ducimus ut.', 4, '2019-12-10 12:56:22', '2019-12-10 12:56:22'),
(166, 97, 'Prof. Maude Funk PhD', 'Quisquam qui debitis laudantium sed officia. Ut non ducimus in error qui animi sit assumenda. Sit omnis aliquid modi. Impedit ut iure laborum quibusdam quasi.', 1, '2019-12-10 12:56:22', '2019-12-10 12:56:22'),
(167, 25, 'Albert Ernser III', 'Sint et eligendi delectus non. Sunt et assumenda quaerat ut architecto. Reiciendis sequi quia ipsam tenetur. Ipsam voluptatem molestias est alias aut exercitationem.', 0, '2019-12-10 12:56:22', '2019-12-10 12:56:22'),
(168, 54, 'Lesly Steuber', 'Temporibus iusto quia eveniet maxime. Mollitia illo similique quis unde dolores distinctio sed qui. Voluptatibus et accusantium soluta molestiae eum sed. Consequatur adipisci dicta dignissimos et perferendis mollitia ut.', 1, '2019-12-10 12:56:22', '2019-12-10 12:56:22'),
(169, 39, 'Marlene Durgan', 'Ut aspernatur saepe deleniti tempore exercitationem impedit. Voluptatem sed praesentium totam molestias nostrum accusamus. Ea et sint est. Temporibus deleniti ut veritatis.', 0, '2019-12-10 12:56:22', '2019-12-10 12:56:22'),
(170, 54, 'Prof. Macey Gulgowski', 'Eum quia reiciendis incidunt dolor quo similique numquam. Facere in voluptatibus voluptatem voluptatibus corrupti. Et et adipisci repellat nemo voluptatem qui itaque. Sint explicabo aut animi et est cupiditate. Et sapiente qui iusto culpa tempore.', 0, '2019-12-10 12:56:22', '2019-12-10 12:56:22'),
(171, 75, 'Archibald Langworth', 'Nam neque enim earum. Tenetur aut error quis commodi non odit.', 0, '2019-12-10 12:56:22', '2019-12-10 12:56:22'),
(172, 97, 'Lila Pouros IV', 'Omnis atque delectus aut distinctio error nobis ab similique. Nulla vitae inventore et qui et nihil quod provident. Doloribus saepe placeat numquam reiciendis. Ipsam asperiores dolorem ea iusto odio omnis.', 0, '2019-12-10 12:56:22', '2019-12-10 12:56:22'),
(173, 41, 'Katelin Hyatt DDS', 'Harum unde pariatur in quo autem. Veritatis animi nostrum maiores est veritatis sed consequatur. Iure debitis quos repellendus quis.', 4, '2019-12-10 12:56:22', '2019-12-10 12:56:22'),
(174, 15, 'Liam Jerde', 'Maiores ut placeat voluptas quo. Repudiandae atque maiores quisquam pariatur.', 4, '2019-12-10 12:56:22', '2019-12-10 12:56:22'),
(175, 7, 'Tyrel Lakin', 'Harum distinctio labore blanditiis voluptatem rerum quibusdam. Nihil tenetur veniam et est atque suscipit.', 0, '2019-12-10 12:56:22', '2019-12-10 12:56:22'),
(176, 38, 'Hugh Hoppe', 'Nulla suscipit repellat sunt nihil culpa iure. Aut et quasi sint et possimus. Minus ut vel accusantium incidunt nihil.', 0, '2019-12-10 12:56:22', '2019-12-10 12:56:22'),
(177, 36, 'Sherwood Heathcote', 'Et tempore facilis rerum cum. Nam consectetur voluptates eos a rem. Ipsam ratione voluptatum et maiores quas autem voluptatibus maxime. Quisquam deleniti ut ea quas saepe molestiae. Et quasi non beatae dolor eum suscipit atque.', 4, '2019-12-10 12:56:22', '2019-12-10 12:56:22'),
(178, 27, 'Miss Earnestine Lesch II', 'Eos et dolor temporibus est. Inventore est ipsum autem consequatur voluptas harum cumque. Explicabo saepe ipsam nisi accusamus error velit. Debitis officiis dolorum voluptatem ipsum aspernatur.', 4, '2019-12-10 12:56:22', '2019-12-10 12:56:22'),
(179, 16, 'Harrison Lakin', 'Neque et nihil optio ipsam. Culpa doloribus quam quo quidem et. Corrupti beatae libero facere.', 0, '2019-12-10 12:56:22', '2019-12-10 12:56:22'),
(180, 3, 'Mr. Merlin Romaguera III', 'Dolorem quos voluptatem voluptatum sed aliquid saepe. Quis quia quis reiciendis ipsum rerum officiis. Dolor vero omnis corporis animi aspernatur est. Fuga quibusdam placeat est qui ut qui velit.', 3, '2019-12-10 12:56:22', '2019-12-10 12:56:22'),
(181, 88, 'Bertram Runte', 'Hic unde assumenda minus odit iste delectus itaque. Fugiat recusandae veritatis harum nulla. Quas ducimus id fugiat consequuntur qui molestiae.', 5, '2019-12-10 12:56:22', '2019-12-10 12:56:22'),
(182, 82, 'Tiana Kessler', 'Et quibusdam quam est voluptatum distinctio. Aperiam qui rerum eum minima amet.', 4, '2019-12-10 12:56:23', '2019-12-10 12:56:23'),
(183, 52, 'Jettie Veum', 'Doloremque reiciendis expedita voluptatem. Dolores modi facere incidunt cumque. Aut et fuga eveniet eos eum dolorum. Accusantium labore odit minus necessitatibus officia.', 2, '2019-12-10 12:56:23', '2019-12-10 12:56:23'),
(184, 65, 'Maxie Reilly', 'Ut consequuntur adipisci dicta facere omnis delectus et. Magni sunt labore ut numquam corrupti. Ut ab ab cumque consequatur. Atque porro laboriosam nulla adipisci ex et.', 5, '2019-12-10 12:56:23', '2019-12-10 12:56:23'),
(185, 29, 'Mr. Alexandro Strosin', 'Ut quis voluptatibus vitae labore. Ea nihil ad nisi. Eum pariatur quasi ex sunt corporis. Magni eos tempore ipsa tenetur accusantium adipisci.', 1, '2019-12-10 12:56:23', '2019-12-10 12:56:23'),
(186, 7, 'Dr. Gardner Bradtke V', 'Illum expedita rem soluta est velit repellendus non. Quis minus earum iure non excepturi quibusdam. Facilis magni molestias fugit et. Earum voluptatem autem repellat eaque consequuntur laboriosam esse nihil. Consectetur culpa laborum sunt aut laudantium possimus.', 4, '2019-12-10 12:56:23', '2019-12-10 12:56:23'),
(187, 31, 'Velda Kling', 'Sequi corporis omnis sequi deleniti. Quisquam non soluta exercitationem corporis. Voluptatem id qui quibusdam quis voluptas et. Omnis repellendus amet laboriosam dolores molestiae.', 4, '2019-12-10 12:56:23', '2019-12-10 12:56:23'),
(188, 87, 'Miss Shanie Hartmann Sr.', 'Ut ipsum nostrum numquam quisquam est est. Sit cum unde debitis. Vel sunt quo ex. Inventore rerum optio est sed quos dolor qui. Fuga cupiditate nobis et voluptas voluptates est cumque.', 0, '2019-12-10 12:56:23', '2019-12-10 12:56:23'),
(189, 16, 'Ms. Freda Fadel', 'Fugiat totam mollitia ea nesciunt. Velit omnis dolorem quas cum tenetur. Consequatur adipisci beatae sed quis est et. Inventore quisquam ex nihil quod.', 5, '2019-12-10 12:56:23', '2019-12-10 12:56:23'),
(190, 2, 'Everette Kub', 'Et consequatur enim eveniet asperiores dolorum facere saepe. Quo adipisci ab iusto architecto molestias assumenda necessitatibus. Et dolores quia quas occaecati est est. Ut iste aut culpa numquam quia quo laudantium.', 0, '2019-12-10 12:56:23', '2019-12-10 12:56:23'),
(191, 13, 'Moshe Jacobson', 'Nobis possimus consequatur minima quia sit. Possimus dolorem nemo velit nulla occaecati necessitatibus. Animi nisi quo dolor quia sit laboriosam. Voluptatem magnam hic laborum distinctio.', 2, '2019-12-10 12:56:23', '2019-12-10 12:56:23'),
(192, 45, 'Milton Wisoky', 'Molestiae blanditiis voluptates voluptas sed eos qui voluptatibus et. Et vitae doloribus ad veritatis quibusdam dolorem. Nobis magnam aut architecto et quo dolorem. Explicabo aut saepe aut nulla et quae ducimus quia. Minus dolores dignissimos quia officiis id qui necessitatibus.', 2, '2019-12-10 12:56:23', '2019-12-10 12:56:23'),
(193, 87, 'Ressie Heidenreich', 'Beatae quo ratione autem qui ratione dolorum iure. Quod veritatis error vitae atque dolor incidunt. Hic quibusdam voluptas consequatur possimus.', 1, '2019-12-10 12:56:23', '2019-12-10 12:56:23'),
(194, 59, 'Royce Medhurst', 'Alias ab iure et laborum qui. Quaerat est minima voluptatibus consectetur corrupti. Adipisci non officia nesciunt.', 3, '2019-12-10 12:56:23', '2019-12-10 12:56:23'),
(195, 64, 'Jared Herman', 'Cum delectus aut sed ab voluptatem. Minima autem qui voluptatum aliquam ipsum. Sequi magni id sit.', 4, '2019-12-10 12:56:23', '2019-12-10 12:56:23'),
(196, 53, 'Nick Hintz', 'Qui ducimus ullam et esse pariatur dolorem qui. Maiores ad odit temporibus saepe tempora similique vero ut. Ea qui voluptatem sit aspernatur. Assumenda molestias eos in qui.', 3, '2019-12-10 12:56:23', '2019-12-10 12:56:23'),
(197, 27, 'Jensen Weimann Sr.', 'Repellat veniam illo in facere eveniet. Necessitatibus in hic ut placeat deleniti. Ut est quos omnis. Recusandae quos modi et et tempora.', 0, '2019-12-10 12:56:23', '2019-12-10 12:56:23'),
(198, 9, 'Prof. David Moen', 'Tempore saepe officiis sunt. Voluptate sed neque est tenetur.', 3, '2019-12-10 12:56:23', '2019-12-10 12:56:23'),
(199, 4, 'Aurore Tromp', 'Ratione occaecati sit illo molestiae laudantium mollitia. Et aut sit dignissimos inventore. Ut eos modi ducimus a aliquam.', 2, '2019-12-10 12:56:23', '2019-12-10 12:56:23'),
(200, 57, 'Malvina Rogahn I', 'Fugiat illo dolorem ipsum. Placeat praesentium similique ex illum fugiat.', 3, '2019-12-10 12:56:23', '2019-12-10 12:56:23'),
(201, 77, 'Mr. Darion Schamberger', 'Perferendis odit voluptatibus dolores omnis. Repellat consequuntur voluptas necessitatibus enim velit sapiente. Corporis dignissimos et quasi fuga ad corporis qui. Mollitia fugiat at odit doloremque ratione qui ad eveniet.', 1, '2019-12-10 12:56:23', '2019-12-10 12:56:23'),
(202, 84, 'Isabell Hintz IV', 'Assumenda nobis dicta non. Qui pariatur quisquam soluta et sit. Voluptatem quibusdam et dolorem enim laudantium recusandae. Reprehenderit rerum maxime vel aliquid minus est ut officiis.', 5, '2019-12-10 12:56:23', '2019-12-10 12:56:23'),
(203, 59, 'Mrs. Vickie Quitzon', 'Voluptatem ab enim laborum corrupti nam ipsam porro. Quidem aut fugit fugiat fuga magnam nostrum. Officia rerum rem iste reiciendis incidunt labore. Error fugiat asperiores sunt aliquam soluta distinctio. Exercitationem cumque consectetur in animi.', 3, '2019-12-10 12:56:23', '2019-12-10 12:56:23'),
(204, 46, 'Emory Lubowitz', 'Et eligendi velit qui fugit placeat. Sed omnis nam nihil voluptatem quidem. Amet earum voluptatem omnis voluptate temporibus sint. Autem unde odit ea eos consequatur molestias error vel.', 2, '2019-12-10 12:56:23', '2019-12-10 12:56:23'),
(205, 66, 'Erin Wuckert', 'Soluta architecto voluptas molestias temporibus. Omnis eum doloribus blanditiis quia voluptate consequatur possimus. Est quod similique exercitationem non adipisci occaecati. Voluptates temporibus fuga explicabo.', 5, '2019-12-10 12:56:23', '2019-12-10 12:56:23'),
(206, 3, 'Consuelo Franecki', 'Architecto eos ut a rerum atque vero. Soluta quas non quis sapiente dolores ut voluptatum. Assumenda eum repellat hic omnis similique ut accusantium.', 1, '2019-12-10 12:56:23', '2019-12-10 12:56:23'),
(207, 100, 'Aiden Jacobson', 'Ea itaque veniam quaerat. Occaecati optio consectetur quia excepturi autem iure. Incidunt quibusdam aut sed molestiae autem explicabo. Laboriosam sit cumque aliquam est.', 5, '2019-12-10 12:56:23', '2019-12-10 12:56:23'),
(208, 30, 'Alda Stamm', 'Et dignissimos veritatis amet et. Rerum velit aut id expedita ut iusto libero. Dolorem accusantium facilis temporibus rerum quisquam et. Delectus aut quibusdam expedita sed quia.', 5, '2019-12-10 12:56:23', '2019-12-10 12:56:23');
INSERT INTO `reviews` (`id`, `product_id`, `customer`, `review`, `star`, `created_at`, `updated_at`) VALUES
(209, 100, 'Keith Pacocha IV', 'Dolore eum laboriosam harum nulla recusandae. Omnis suscipit vel iure. Perspiciatis ut maiores vero et. Suscipit culpa similique aspernatur ut qui laboriosam qui.', 5, '2019-12-10 12:56:23', '2019-12-10 12:56:23'),
(210, 75, 'Lukas Lubowitz', 'Corrupti doloremque aut unde quo eaque. Ea praesentium ex esse et. Doloremque iure qui consequatur labore alias sunt dolore. Tempore pariatur est et ut natus illum aut. Tempore non assumenda quia illum.', 0, '2019-12-10 12:56:23', '2019-12-10 12:56:23'),
(211, 56, 'Laney Kuhn IV', 'Porro ea quo quidem veritatis. Nam corrupti dolores vel ipsam amet rerum.', 3, '2019-12-10 12:56:23', '2019-12-10 12:56:23'),
(212, 2, 'Prof. Junius Veum Jr.', 'Vel pariatur qui eum. Labore nihil placeat qui similique iste. Tenetur nihil eaque maxime placeat.', 4, '2019-12-10 12:56:23', '2019-12-10 12:56:23'),
(213, 17, 'Prof. Drew Mitchell DDS', 'Repudiandae eligendi est voluptas ea. Neque hic sapiente consequatur et. Rerum quo suscipit recusandae animi excepturi ut quo amet.', 5, '2019-12-10 12:56:23', '2019-12-10 12:56:23'),
(214, 6, 'Easton Wyman', 'Laborum reiciendis fugit quas iure ea nemo maxime. Mollitia qui vel officiis dolorum vel numquam. Corrupti commodi rerum quia nam asperiores ratione quas autem.', 3, '2019-12-10 12:56:24', '2019-12-10 12:56:24'),
(215, 9, 'Gardner Spencer', 'Quidem temporibus sed ipsum. Accusantium facere velit quia velit mollitia. Suscipit tempora facere omnis vel. Quaerat nemo qui expedita dolores qui.', 0, '2019-12-10 12:56:24', '2019-12-10 12:56:24'),
(216, 27, 'Nicola Cole', 'Velit aut fugit sint et quod laborum. Dolore id autem incidunt. Quasi quae magnam sed atque est. Ut voluptatibus illo repellat recusandae aut saepe eveniet quae. Alias deserunt ut inventore et.', 1, '2019-12-10 12:56:24', '2019-12-10 12:56:24'),
(217, 76, 'Newton Lemke', 'Nemo officia maxime eligendi. Accusamus saepe tempore nam temporibus distinctio fugiat. Repellat ad fugit illum et suscipit perspiciatis placeat quas. Suscipit rerum fugiat dolorem harum.', 0, '2019-12-10 12:56:24', '2019-12-10 12:56:24'),
(218, 56, 'Dr. Jacinthe Harris', 'Quia incidunt dolorem molestias repudiandae et ipsum et. Ipsum nesciunt sapiente ut et id. Sequi eaque sapiente quia corporis inventore rerum.', 0, '2019-12-10 12:56:24', '2019-12-10 12:56:24'),
(219, 92, 'Kiel Smitham', 'Explicabo voluptatum dolores illum debitis et sequi. Facilis adipisci asperiores aspernatur. Qui inventore velit pariatur velit mollitia quia praesentium. Voluptatem est et eius beatae laboriosam.', 1, '2019-12-10 12:56:24', '2019-12-10 12:56:24'),
(220, 71, 'Helga Reinger', 'Aliquid voluptatem sapiente odio ratione illum aliquam. Consequatur rem consectetur corrupti eos voluptatem quod temporibus. Ad eum voluptatibus porro rerum omnis et omnis.', 5, '2019-12-10 12:56:24', '2019-12-10 12:56:24'),
(221, 85, 'Prof. Jon Hintz', 'Ratione natus harum quaerat excepturi. Quia corporis sed ea velit rerum sed fuga laborum. Sit excepturi earum voluptatem molestiae est. Quis dignissimos qui ab nostrum.', 0, '2019-12-10 12:56:24', '2019-12-10 12:56:24'),
(222, 45, 'Berneice Kerluke', 'Quaerat voluptas rerum adipisci placeat expedita deleniti optio. Repudiandae quis ipsa doloribus nam. In tenetur pariatur iusto eum ab earum eveniet.', 1, '2019-12-10 12:56:24', '2019-12-10 12:56:24'),
(223, 23, 'Bessie Grant', 'Deleniti fugit magnam quia. Dolor commodi alias accusantium dolore autem ut. Ipsa voluptatibus impedit et est. Facilis aliquid dolor molestias blanditiis corporis reprehenderit sint sint. Ipsa voluptates officia praesentium molestiae cupiditate.', 4, '2019-12-10 12:56:24', '2019-12-10 12:56:24'),
(224, 8, 'Chanel Barton I', 'Velit quia blanditiis recusandae consequuntur illo. Unde dolore rerum officia dignissimos eum dolor.', 1, '2019-12-10 12:56:24', '2019-12-10 12:56:24'),
(225, 81, 'Prof. Francesco Fadel Sr.', 'Maiores voluptas nihil nostrum exercitationem. Nobis illo tempore numquam vel dolore molestiae. Illo dicta perferendis ad dolor. Libero perferendis explicabo ab repellat voluptatem.', 5, '2019-12-10 12:56:24', '2019-12-10 12:56:24'),
(226, 4, 'Rick Tillman', 'Est expedita illum libero omnis. Earum amet aliquid quo et qui veniam. Libero saepe ad sunt libero pariatur vitae. Est in et culpa illo ut laborum non.', 0, '2019-12-10 12:56:24', '2019-12-10 12:56:24'),
(227, 84, 'Mrs. Nichole Effertz Jr.', 'Sapiente beatae dolores aliquid provident soluta et. Omnis perspiciatis quasi incidunt deserunt ullam ut rerum molestias. Sapiente in nihil occaecati laboriosam.', 4, '2019-12-10 12:56:24', '2019-12-10 12:56:24'),
(228, 11, 'Tracey Toy', 'Animi rerum necessitatibus veritatis et. Eaque eum dolores incidunt consectetur est tempore velit. Quo quidem rem dolores id qui earum in voluptatem. Fugiat sint nostrum eos quae beatae voluptas. Dolorem voluptate est possimus culpa.', 5, '2019-12-10 12:56:24', '2019-12-10 12:56:24'),
(229, 61, 'Mr. Warren Parisian II', 'Consequatur quia laborum quis laudantium quis magnam aliquid. Consequatur omnis quae voluptates ut ut blanditiis nemo repellendus. Ullam consequuntur enim qui. Nihil dolore eum odio est earum assumenda. Qui voluptatem dignissimos voluptas dolor sapiente et.', 4, '2019-12-10 12:56:24', '2019-12-10 12:56:24'),
(230, 75, 'Will Gottlieb', 'Autem totam aut sapiente asperiores. At quia inventore velit. Ipsum autem sit debitis numquam. Et magni eius dolorum doloremque facere architecto assumenda.', 0, '2019-12-10 12:56:24', '2019-12-10 12:56:24'),
(231, 21, 'Carolyne Kessler I', 'Vel nihil officiis vitae tempore. Sunt non officiis dolor similique provident minima totam. Dolores et illo vel minus at.', 1, '2019-12-10 12:56:24', '2019-12-10 12:56:24'),
(232, 24, 'Mr. Koby Rutherford PhD', 'Ex porro error qui non est explicabo est. Saepe magnam nulla qui voluptatem. Voluptates sunt architecto quasi rerum. Eveniet in officiis et consequatur at voluptatem molestiae.', 5, '2019-12-10 12:56:24', '2019-12-10 12:56:24'),
(233, 63, 'Meredith Crooks Sr.', 'Tempore illum fugiat dolor et. Voluptatem nulla repellendus aspernatur. Voluptatum autem nemo dolorem libero. Earum nam ut dolor perferendis quas.', 3, '2019-12-10 12:56:24', '2019-12-10 12:56:24'),
(234, 24, 'Dr. Godfrey Buckridge DDS', 'Voluptates est blanditiis maiores ut harum velit. Autem culpa provident maiores quas qui consequatur corporis. Porro saepe ut voluptatem odit reprehenderit autem non fugit.', 1, '2019-12-10 12:56:24', '2019-12-10 12:56:24'),
(235, 41, 'Mrs. Alexanne Zemlak', 'Soluta magni quas cum aut sit. Suscipit enim aperiam voluptas incidunt culpa asperiores. A magnam similique perferendis sed odit. Rem laboriosam reiciendis sequi id. Culpa consectetur earum at et nihil voluptas.', 0, '2019-12-10 12:56:24', '2019-12-10 12:56:24'),
(236, 5, 'Mr. Florencio Ernser', 'Sed praesentium adipisci aut qui. Deserunt sit reiciendis molestias quibusdam accusamus. Quod perferendis rem ut et ut est quos.', 1, '2019-12-10 12:56:24', '2019-12-10 12:56:24'),
(237, 2, 'Erick Waters V', 'Porro facere eveniet odit non officia deserunt aut. Deleniti eum error rerum autem odio culpa. Nulla eaque cumque voluptas perspiciatis pariatur quidem voluptas. Corrupti qui temporibus qui quia odio modi dolorem.', 4, '2019-12-10 12:56:24', '2019-12-10 12:56:24'),
(238, 23, 'Dale Schaden', 'Aperiam sunt quis delectus sint non molestias. Dolorum voluptatem mollitia dicta facilis labore perferendis. Adipisci nihil fuga fugit eaque.', 1, '2019-12-10 12:56:24', '2019-12-10 12:56:24'),
(239, 37, 'Dr. Carter Flatley', 'Consequatur quo iure ut et quisquam et. Doloribus cupiditate consectetur molestiae. In eum natus cumque ipsum sed sunt voluptates. Eum quia asperiores iusto non omnis veritatis aliquam.', 3, '2019-12-10 12:56:24', '2019-12-10 12:56:24'),
(240, 25, 'Mr. Hiram Fahey V', 'Officia id iure perferendis reprehenderit et qui iste. Cum unde atque itaque qui sit rerum itaque nihil. Voluptatem quaerat iste facilis fuga. Aspernatur accusantium sed amet vel officiis. Tenetur rem dolorem laborum quidem blanditiis itaque.', 2, '2019-12-10 12:56:24', '2019-12-10 12:56:24'),
(241, 24, 'Cathy Padberg MD', 'Ratione est ut iure officiis nihil repellendus veritatis. Explicabo cumque est in ut rerum dicta quia. Totam velit dicta distinctio. Sit sunt vitae voluptas odit aliquam ea inventore.', 4, '2019-12-10 12:56:24', '2019-12-10 12:56:24'),
(242, 65, 'Katlynn Padberg DDS', 'Placeat et dignissimos in mollitia adipisci. Cumque sed sit vero ipsam et. Veniam dolores qui cumque corrupti perferendis. Eum eum accusantium autem sit velit suscipit ut.', 5, '2019-12-10 12:56:24', '2019-12-10 12:56:24'),
(243, 71, 'Savion Prosacco', 'Ut sapiente voluptatem sed nisi sed provident. Qui unde quasi quaerat est commodi. Minus modi ipsa ut est eius cumque.', 4, '2019-12-10 12:56:24', '2019-12-10 12:56:24'),
(244, 64, 'Haskell Schaden', 'Qui commodi voluptates fuga nulla. In harum placeat perspiciatis. Perspiciatis qui voluptatum ad qui nostrum. Dolorem quia omnis nisi quod.', 0, '2019-12-10 12:56:25', '2019-12-10 12:56:25'),
(245, 34, 'Muhammad Blanda', 'Est eos et placeat. Est totam incidunt saepe earum eaque ut nihil. Non blanditiis natus magni odit et et natus.', 4, '2019-12-10 12:56:25', '2019-12-10 12:56:25'),
(246, 12, 'Alessia Leffler', 'Sit qui accusantium animi. Quisquam eum doloremque cupiditate iusto numquam ut. Non mollitia voluptatem et dolores enim quis quod beatae.', 0, '2019-12-10 12:56:25', '2019-12-10 12:56:25'),
(247, 63, 'Coty Keebler', 'Sit consequuntur sint est. Tenetur omnis in dolorem reiciendis laborum cumque dignissimos.', 0, '2019-12-10 12:56:25', '2019-12-10 12:56:25'),
(248, 44, 'Miss Skyla Nitzsche', 'Atque ut soluta porro impedit vitae totam id. Et est quos rerum. Voluptatem ullam enim tempore ut. Id aliquid nesciunt voluptatem.', 5, '2019-12-10 12:56:25', '2019-12-10 12:56:25'),
(249, 10, 'Dr. Lavern Torp', 'Quia et ut voluptatem doloribus et. Ea esse eos alias minima nulla voluptates similique. Sint repudiandae et ut corporis qui.', 4, '2019-12-10 12:56:25', '2019-12-10 12:56:25'),
(250, 87, 'Mittie Berge', 'Omnis exercitationem voluptatem rerum temporibus ab. Est facere sit nam saepe quos porro. Quaerat sit minima consectetur minus.', 1, '2019-12-10 12:56:25', '2019-12-10 12:56:25'),
(251, 35, 'Dr. Zachariah Hansen', 'Sapiente eaque quisquam aut asperiores. Delectus quibusdam consectetur quidem.', 2, '2019-12-10 12:56:25', '2019-12-10 12:56:25'),
(252, 33, 'Berry Pollich', 'Quo repellat deleniti dolores earum occaecati. Ea architecto porro quia ut accusantium sequi est. Occaecati qui eum et vel quod voluptas.', 4, '2019-12-10 12:56:25', '2019-12-10 12:56:25'),
(253, 96, 'Joanny Kessler', 'Rerum optio officiis quo dolor. Perspiciatis voluptas suscipit nihil doloribus. Consectetur dolor molestiae delectus fugit consectetur necessitatibus.', 5, '2019-12-10 12:56:25', '2019-12-10 12:56:25'),
(254, 13, 'German Kutch V', 'Illo ea et est quia dolor. Sapiente enim iure animi ea eos et eum. Neque aut et dolores.', 0, '2019-12-10 12:56:25', '2019-12-10 12:56:25'),
(255, 70, 'Mr. Dejuan Wolf DDS', 'Blanditiis libero quia quia ipsam. Molestias quibusdam molestias ipsum officia repudiandae officia error. Hic illo tempore similique asperiores. Consectetur non et aut.', 1, '2019-12-10 12:56:25', '2019-12-10 12:56:25'),
(256, 8, 'Prof. Myrtie Lang', 'Atque a voluptatem tempora ea distinctio sint facere. Mollitia temporibus explicabo beatae vel et. Ut cum laborum placeat et quis expedita.', 4, '2019-12-10 12:56:25', '2019-12-10 12:56:25'),
(257, 73, 'Alberta Barton PhD', 'Magnam molestiae laborum omnis dolor amet id. Eum est ut et ullam maxime. Eius et molestias molestias facilis. Molestias itaque repudiandae quis et est consequatur ut. Distinctio blanditiis quo voluptate omnis sed.', 5, '2019-12-10 12:56:25', '2019-12-10 12:56:25'),
(258, 15, 'Mr. Valentin Ullrich II', 'Excepturi fugiat quibusdam quo. Aspernatur voluptatem culpa qui necessitatibus ut. Est perferendis et itaque molestias iure officia impedit. Occaecati repudiandae est et.', 1, '2019-12-10 12:56:25', '2019-12-10 12:56:25'),
(259, 19, 'Prof. Brennon Orn', 'Dolores consequatur dolorum dolorum laudantium velit occaecati. Itaque voluptatem error distinctio rerum omnis qui accusamus. In qui error et numquam est.', 5, '2019-12-10 12:56:25', '2019-12-10 12:56:25'),
(260, 39, 'Kristina Anderson', 'Non voluptatem saepe beatae et consequatur provident ratione et. Cum nobis dolorum sunt quia et. Quisquam delectus ea nam.', 3, '2019-12-10 12:56:25', '2019-12-10 12:56:25'),
(261, 8, 'Una Dare', 'Ratione ut facilis atque molestias sit. Eveniet voluptas rem nam commodi omnis quia. Qui architecto ut culpa aut ullam impedit ipsum.', 3, '2019-12-10 12:56:25', '2019-12-10 12:56:25'),
(262, 68, 'Viviane Bosco', 'Aut laborum officia vero dolor temporibus. Eaque voluptatem sunt blanditiis nostrum et expedita. Et magni provident eius optio. Et voluptatem dolor velit sit sapiente.', 4, '2019-12-10 12:56:25', '2019-12-10 12:56:25'),
(263, 69, 'Aron Mueller', 'Quod quia ducimus iusto quaerat. Excepturi non soluta a ut aut perspiciatis rerum veniam. Eos harum voluptate consequatur cumque nemo nisi.', 3, '2019-12-10 12:56:25', '2019-12-10 12:56:25'),
(264, 51, 'Yvette Larson', 'Itaque blanditiis ipsum in fugit ipsum dolor nisi. Et debitis in modi iste error rerum id provident. Animi alias rerum qui cupiditate rem rerum. Est qui corrupti illum eveniet.', 0, '2019-12-10 12:56:25', '2019-12-10 12:56:25'),
(265, 43, 'Karley Luettgen', 'Voluptas tempore provident excepturi aut id dolores. Voluptatem et quisquam at maxime est et repellat. Aspernatur enim et ea rerum et qui autem. Dicta itaque dignissimos aut ullam mollitia.', 2, '2019-12-10 12:56:25', '2019-12-10 12:56:25'),
(266, 83, 'Retta Kuhic', 'Vitae incidunt voluptas laudantium aut consequuntur est. Culpa cupiditate impedit quia est facere consequatur ut. Consequatur odio corporis itaque esse facere. Iusto voluptatem aut aliquam et quis voluptatem id.', 0, '2019-12-10 12:56:25', '2019-12-10 12:56:25'),
(267, 6, 'Miss Rita Kerluke I', 'Nihil fugit illum dolores voluptatibus. Similique sed harum non. Consequatur est vel ea rerum qui. Quas voluptas sit minus eum.', 3, '2019-12-10 12:56:25', '2019-12-10 12:56:25'),
(268, 4, 'Gardner DuBuque', 'Sequi expedita sint ut autem doloribus qui. Eos quia quis voluptatum quaerat omnis. Debitis autem praesentium possimus nisi est nostrum. Sint error soluta omnis velit.', 3, '2019-12-10 12:56:25', '2019-12-10 12:56:25'),
(269, 51, 'Kurtis Schultz Sr.', 'Ut repellendus voluptas ut similique illo sit dolor. Ea et possimus ratione non. Dolor et placeat a.', 1, '2019-12-10 12:56:25', '2019-12-10 12:56:25'),
(270, 49, 'Troy Reichert', 'A aut voluptas voluptatem qui rem. Voluptatem corporis quam id debitis consequatur. Vel consequatur consectetur unde repellendus et maxime.', 5, '2019-12-10 12:56:25', '2019-12-10 12:56:25'),
(271, 89, 'Mrs. Zetta Schamberger I', 'Delectus qui aut error dolores. Odio cum voluptas odit exercitationem nobis dolorum. Fuga impedit quidem ducimus voluptas nostrum sed. Dolorem quam aut recusandae architecto omnis at.', 4, '2019-12-10 12:56:25', '2019-12-10 12:56:25'),
(272, 72, 'Reta Beatty', 'Ducimus quisquam reprehenderit id ex animi voluptas. Est cumque qui autem labore. Fugit eligendi eos at est. Est incidunt omnis exercitationem in ut. Ea fugit ad omnis corrupti nostrum.', 5, '2019-12-10 12:56:26', '2019-12-10 12:56:26'),
(273, 12, 'Ramiro Stoltenberg', 'Sequi rerum saepe repellendus nulla labore vitae qui. Neque similique perspiciatis commodi maiores sunt placeat. Aut iste quasi excepturi et illo expedita expedita accusamus. Animi maxime maxime expedita aut.', 4, '2019-12-10 12:56:26', '2019-12-10 12:56:26'),
(274, 80, 'Prof. Michel Turcotte', 'Molestiae quisquam a non magnam consequatur molestias sed. Sit vel in facilis aut unde quia aliquam. Sit unde quia et officiis molestias veniam veritatis. Eum ratione nihil qui perferendis quo.', 2, '2019-12-10 12:56:26', '2019-12-10 12:56:26'),
(275, 81, 'Mr. Hayden Medhurst', 'Ipsa occaecati quidem beatae est similique. Assumenda voluptatum quasi corporis et. Tenetur totam placeat quis sed qui.', 5, '2019-12-10 12:56:26', '2019-12-10 12:56:26'),
(276, 32, 'Dr. Leola Herman Sr.', 'Explicabo sapiente eveniet mollitia tempore soluta. Ex labore voluptas necessitatibus dolores ratione sed. Recusandae in eius ut ut. Pariatur quia pariatur tempora veniam. Occaecati illo at sit.', 4, '2019-12-10 12:56:26', '2019-12-10 12:56:26'),
(277, 5, 'Stevie Bashirian I', 'Non tenetur ipsa possimus aut non aut qui. Fugit incidunt non voluptatum vel cum soluta aut id. Animi eius necessitatibus tempora facilis expedita iusto.', 1, '2019-12-10 12:56:26', '2019-12-10 12:56:26'),
(278, 22, 'Alyson Keebler I', 'Repellat qui sed hic. Repellendus debitis voluptates nobis non saepe quia eveniet.', 4, '2019-12-10 12:56:26', '2019-12-10 12:56:26'),
(279, 72, 'Florence Ziemann I', 'Est nesciunt maiores asperiores voluptatem earum. Non possimus facere maiores.', 5, '2019-12-10 12:56:26', '2019-12-10 12:56:26'),
(280, 98, 'Astrid McCullough V', 'Non quo reprehenderit dicta qui mollitia autem. Magnam aut et voluptatem. Fugiat dolorum aliquid est nulla unde voluptatibus. Perspiciatis iure dignissimos et.', 0, '2019-12-10 12:56:26', '2019-12-10 12:56:26'),
(281, 68, 'Maudie Spencer', 'Ea reiciendis enim ut vel impedit earum voluptatem. Voluptatem eaque aspernatur molestias occaecati modi dolores praesentium. Sint laborum ducimus ipsa optio molestiae.', 2, '2019-12-10 12:56:26', '2019-12-10 12:56:26'),
(282, 70, 'Olin Wolf', 'In et quia possimus nisi rem hic. Esse corporis quaerat impedit id.', 4, '2019-12-10 12:56:26', '2019-12-10 12:56:26'),
(283, 65, 'Rosella Leuschke', 'Qui praesentium minima voluptas officia nihil odit nostrum. Laborum esse dolore qui odio reprehenderit voluptatum. Aut magni rerum tenetur qui. Quia explicabo voluptates vel vel magnam.', 1, '2019-12-10 12:56:26', '2019-12-10 12:56:26'),
(284, 29, 'Janelle Schmidt', 'Odit quia cupiditate quaerat et id. Error voluptatem dignissimos consequatur molestias non. Repellat consequatur molestiae praesentium ut magni nulla in.', 2, '2019-12-10 12:56:26', '2019-12-10 12:56:26'),
(285, 64, 'Ms. Stefanie VonRueden', 'Sunt modi exercitationem harum iusto tempore omnis minima. Voluptatem illum omnis qui quo reprehenderit perferendis optio nemo. Et et quia porro voluptatibus error porro laborum. Quidem velit quis et tempora accusantium.', 5, '2019-12-10 12:56:26', '2019-12-10 12:56:26'),
(286, 29, 'Miss Samara Stanton', 'Quia perferendis aut nostrum nobis iure nihil neque. Placeat reiciendis soluta dolores consequatur. Aut aliquid quae earum esse nostrum quisquam.', 5, '2019-12-10 12:56:26', '2019-12-10 12:56:26'),
(287, 3, 'Dr. Vinnie Pollich Sr.', 'Ipsum rem perspiciatis dignissimos in incidunt ipsum omnis. Quia distinctio voluptate quidem vel molestiae sed sit iure. Laborum expedita quo qui dolor aut harum ut est. Sit sint inventore exercitationem dolorem expedita dolores.', 4, '2019-12-10 12:56:26', '2019-12-10 12:56:26'),
(288, 77, 'Morton Gutkowski', 'Aliquid exercitationem minima architecto earum. Beatae ut vel necessitatibus et. Totam qui perspiciatis dolores est quo cumque aut.', 0, '2019-12-10 12:56:26', '2019-12-10 12:56:26'),
(289, 89, 'Emiliano Wolf', 'Quia rem quidem aut reiciendis doloremque architecto et. Quis eaque aspernatur velit molestias vel. Necessitatibus dolor at in facere et praesentium aspernatur. Reprehenderit similique officia sequi.', 0, '2019-12-10 12:56:26', '2019-12-10 12:56:26'),
(290, 6, 'Eleazar Abernathy', 'Voluptatem nostrum exercitationem maiores omnis velit. Placeat ad magni expedita ut quas omnis quia esse.', 1, '2019-12-10 12:56:26', '2019-12-10 12:56:26'),
(291, 100, 'Presley Keebler V', 'Quas enim nam consectetur provident et. Fuga vitae cum ut quasi facilis. Voluptas accusamus saepe voluptatum tempore quasi eos. Enim assumenda aut sapiente voluptates vel. Reprehenderit officiis officia sint ex quia.', 5, '2019-12-10 12:56:26', '2019-12-10 12:56:26'),
(292, 40, 'Mr. Donald Hackett', 'Provident debitis aut voluptatem veritatis eum. Dolore earum aliquam aut excepturi ut vitae. Dicta quo quia nisi temporibus qui. Ea velit autem debitis ut sed id.', 5, '2019-12-10 12:56:26', '2019-12-10 12:56:26'),
(293, 39, 'Benny Brekke', 'Deserunt perspiciatis magnam asperiores est officia saepe ad. Voluptas quam reiciendis ipsa placeat. Aut hic quia doloremque ad voluptate officia laudantium. Enim quia aliquam sed quisquam mollitia quis quidem.', 0, '2019-12-10 12:56:26', '2019-12-10 12:56:26'),
(294, 78, 'Dr. Mohammed Weissnat V', 'Nam fugiat consectetur aspernatur cumque. Nesciunt quod aliquid minus. Veritatis reiciendis at aspernatur sunt quia quasi et quis.', 5, '2019-12-10 12:56:26', '2019-12-10 12:56:26'),
(295, 65, 'Alia Dibbert', 'Quae quo omnis quibusdam aut enim. Quos autem quo odio voluptatem sed sint dicta. Iure enim quia dolorum perspiciatis praesentium. Sapiente doloribus non eius dolor.', 1, '2019-12-10 12:56:26', '2019-12-10 12:56:26'),
(296, 82, 'Prof. Brice Hegmann V', 'In asperiores temporibus error accusantium fuga sunt quam. Nam quisquam provident nesciunt dignissimos. Nam corporis sed nobis repudiandae quae. Nostrum eos consectetur et itaque nostrum voluptatibus occaecati eveniet.', 3, '2019-12-10 12:56:26', '2019-12-10 12:56:26'),
(297, 82, 'Gust Schaefer DDS', 'Consequatur dignissimos quas quis sunt repellendus. Harum consectetur aliquam dolorem molestias consectetur quidem. Architecto nisi voluptas enim dignissimos exercitationem voluptatem qui. Ad sunt nam eum omnis ipsam.', 0, '2019-12-10 12:56:26', '2019-12-10 12:56:26'),
(298, 87, 'Prof. Kaya Predovic', 'Eveniet eos vitae adipisci est quis. Aut et cum consequuntur voluptas et ut. Nam laudantium nam omnis nostrum. Eos odit omnis doloremque.', 1, '2019-12-10 12:56:26', '2019-12-10 12:56:26'),
(299, 97, 'Carter Boyle III', 'Exercitationem voluptatum nisi ad quia quia. Quia et aliquam qui voluptatem nobis pariatur. Consequatur vel quibusdam officia placeat.', 4, '2019-12-10 12:56:26', '2019-12-10 12:56:26'),
(300, 66, 'Lola Hagenes Sr.', 'Perferendis at cumque qui quae. Labore sapiente est ex magnam. Quam nemo nisi autem possimus nulla sunt sit voluptatem.', 4, '2019-12-10 12:56:26', '2019-12-10 12:56:26');

-- --------------------------------------------------------

--
-- Table structure for table `users`
--

CREATE TABLE `users` (
  `id` bigint(20) UNSIGNED NOT NULL,
  `name` varchar(255) COLLATE utf8mb4_unicode_ci NOT NULL,
  `email` varchar(255) COLLATE utf8mb4_unicode_ci NOT NULL,
  `email_verified_at` timestamp NULL DEFAULT NULL,
  `password` varchar(255) COLLATE utf8mb4_unicode_ci NOT NULL,
  `remember_token` varchar(100) COLLATE utf8mb4_unicode_ci DEFAULT NULL,
  `created_at` timestamp NULL DEFAULT NULL,
  `updated_at` timestamp NULL DEFAULT NULL
) ENGINE=InnoDB DEFAULT CHARSET=utf8mb4 COLLATE=utf8mb4_unicode_ci;

--
-- Indexes for dumped tables
--

--
-- Indexes for table `migrations`
--
ALTER TABLE `migrations`
  ADD PRIMARY KEY (`id`);

--
-- Indexes for table `password_resets`
--
ALTER TABLE `password_resets`
  ADD KEY `password_resets_email_index` (`email`);

--
-- Indexes for table `products`
--
ALTER TABLE `products`
  ADD PRIMARY KEY (`id`);

--
-- Indexes for table `reviews`
--
ALTER TABLE `reviews`
  ADD PRIMARY KEY (`id`);

--
-- Indexes for table `users`
--
ALTER TABLE `users`
  ADD PRIMARY KEY (`id`),
  ADD UNIQUE KEY `users_email_unique` (`email`);

--
-- AUTO_INCREMENT for dumped tables
--

--
-- AUTO_INCREMENT for table `migrations`
--
ALTER TABLE `migrations`
  MODIFY `id` int(10) UNSIGNED NOT NULL AUTO_INCREMENT, AUTO_INCREMENT=10;

--
-- AUTO_INCREMENT for table `products`
--
ALTER TABLE `products`
  MODIFY `id` bigint(20) UNSIGNED NOT NULL AUTO_INCREMENT, AUTO_INCREMENT=101;

--
-- AUTO_INCREMENT for table `reviews`
--
ALTER TABLE `reviews`
  MODIFY `id` bigint(20) UNSIGNED NOT NULL AUTO_INCREMENT, AUTO_INCREMENT=301;

--
-- AUTO_INCREMENT for table `users`
--
ALTER TABLE `users`
  MODIFY `id` bigint(20) UNSIGNED NOT NULL AUTO_INCREMENT;
COMMIT;

/*!40101 SET CHARACTER_SET_CLIENT=@OLD_CHARACTER_SET_CLIENT */;
/*!40101 SET CHARACTER_SET_RESULTS=@OLD_CHARACTER_SET_RESULTS */;
/*!40101 SET COLLATION_CONNECTION=@OLD_COLLATION_CONNECTION */;
